Ni,Ti,Al,Laves
15.0,1.0,0.0,0.0
16.0,1.0,0.0,0.0
17.0,1.0,0.0,0.0
18.0,1.0,0.0,0.0
19.0,1.0,0.0,0.0
20.0,1.0,0.0,0.0
15.0,2.0,0.0,0.0
16.0,2.0,0.0,0.0
17.0,2.0,0.0,0.0
18.0,2.0,0.0,0.0
19.0,2.0,0.0,0.0
20.0,2.0,0.0,0.0
15.0,3.0,0.0,0.0
16.0,3.0,0.0,0.0
17.0,3.0,0.0,0.0
18.0,3.0,0.0,0.0
19.0,3.0,0.0,0.0
20.0,3.0,0.0,0.0
15.0,4.0,0.0,0.0
16.0,4.0,0.0,0.0
17.0,4.0,0.0,0.0
18.0,4.0,0.0,0.0
19.0,4.0,0.0,0.0
20.0,4.0,0.0,0.0
15.0,5.0,0.0,3.290839281425104
16.0,5.0,0.0,2.3189023778468947
17.0,5.0,0.0,1.3470433703482843
18.0,5.0,0.0,0.3751613139953427
19.0,5.0,0.0,0.0
20.0,5.0,0.0,0.0
15.0,6.0,0.0,6.864815173909608
16.0,6.0,0.0,5.892941104686429
17.0,6.0,0.0,4.921120368792545
18.0,6.0,0.0,3.9491542136921467
19.0,6.0,0.0,2.977232610857742
20.0,6.0,0.0,2.005355495652018
15.0,7.0,0.0,10.43875014837222
16.0,7.0,0.0,9.466980165449701
17.0,7.0,0.0,8.495052742597082
18.0,7.0,0.0,7.523179949680248
19.0,7.0,0.0,6.551332955190017
20.0,7.0,0.0,5.579337541130077
15.0,8.0,0.0,14.01279737135075
16.0,8.0,0.0,13.040957468836709
17.0,8.0,0.0,12.068950002609562
18.0,8.0,0.0,11.09716018758196
19.0,8.0,0.0,10.125228116543957
20.0,8.0,0.0,9.153317255334672
15.0,9.0,0.0,17.586706532153727
16.0,9.0,0.0,16.614784729035613
17.0,9.0,0.0,15.642897188006438
18.0,9.0,0.0,14.671043859617514
19.0,9.0,0.0,13.699224694515234
20.0,9.0,0.0,12.72723672581107
15.0,10.0,0.0,21.160922781067228
16.0,10.0,0.0,20.18968476199079
17.0,10.0,0.0,19.217608768270996
18.0,10.0,0.0,18.244591955703306
19.0,10.0,0.0,17.27326516917171
20.0,10.0,0.0,16.301217962009684
15.0,11.0,0.0,24.73509747942061
16.0,11.0,0.0,23.762390570319088
17.0,11.0,0.0,22.79061607551415
18.0,11.0,0.0,21.819772654961962
19.0,11.0,0.0,20.84801439738072
20.0,11.0,0.0,19.875383781831317
15.0,12.0,0.0,28.308182190742492
16.0,12.0,0.0,27.337647037500222
17.0,12.0,0.0,26.36441700453266
18.0,12.0,0.0,25.393928200225258
19.0,12.0,0.0,24.4207028485692
20.0,12.0,0.0,23.4484106022562
15.0,13.0,0.0,31.882025788241446
16.0,13.0,0.0,30.91005475433169
17.0,13.0,0.0,29.93901144465393
18.0,13.0,0.0,28.967028263302325
19.0,13.0,0.0,27.995975453894474
20.0,13.0,0.0,27.024039689859553
15.0,14.0,0.0,35.456528502216834
16.0,14.0,0.0,34.48489058448289
17.0,14.0,0.0,33.51242493420383
18.0,14.0,0.0,32.54082591057813
19.0,14.0,0.0,31.56833905322221
20.0,14.0,0.0,30.596780604494235
15.0,15.0,0.0,39.0297415450442
16.0,15.0,0.0,38.058584173311814
17.0,15.0,0.0,37.08646164825481
18.0,15.0,0.0,36.11533177446797
19.0,15.0,0.0,35.14317725460524
20.0,15.0,0.0,34.17201447088553
15.0,1.0,1.0,0.0
16.0,1.0,1.0,0.0
17.0,1.0,1.0,0.0
18.0,1.0,1.0,0.0
19.0,1.0,1.0,0.0
20.0,1.0,1.0,0.0
15.0,2.0,1.0,0.0
16.0,2.0,1.0,0.0
17.0,2.0,1.0,0.0
18.0,2.0,1.0,0.0
19.0,2.0,1.0,0.0
20.0,2.0,1.0,0.0
15.0,3.0,1.0,0.0
16.0,3.0,1.0,0.0
17.0,3.0,1.0,0.0
18.0,3.0,1.0,0.0
19.0,3.0,1.0,0.0
20.0,3.0,1.0,0.0
15.0,4.0,1.0,0.0
16.0,4.0,1.0,0.0
17.0,4.0,1.0,0.0
18.0,4.0,1.0,0.0
19.0,4.0,1.0,0.0
20.0,4.0,1.0,0.0
15.0,5.0,1.0,3.292130373580345
16.0,5.0,1.0,2.319972186409004
17.0,5.0,1.0,1.347844028726978
18.0,5.0,1.0,0.3757030411902087
19.0,5.0,1.0,0.0
20.0,5.0,1.0,0.0
15.0,6.0,1.0,6.867098427261525
16.0,6.0,1.0,5.894899889542045
17.0,6.0,1.0,4.922734425421135
18.0,6.0,1.0,3.950763588394326
19.0,6.0,1.0,2.978449033113399
20.0,6.0,1.0,2.006346884577577
15.0,7.0,1.0,10.442332789263032
16.0,7.0,1.0,9.470129133995595
17.0,7.0,1.0,8.497927179820557
18.0,7.0,1.0,7.525745877211132
19.0,7.0,1.0,6.553573307500009
20.0,7.0,1.0,5.581424867178009
15.0,8.0,1.0,14.017619653614869
16.0,8.0,1.0,13.045392923107718
17.0,8.0,1.0,12.073183374954755
18.0,8.0,1.0,11.101152601534379
19.0,8.0,1.0,10.128979034092769
20.0,8.0,1.0,9.156805942769962
15.0,9.0,1.0,17.593220709877894
16.0,9.0,1.0,16.62100806179678
17.0,9.0,1.0,15.648809068351499
18.0,9.0,1.0,14.676596984485396
19.0,9.0,1.0,13.704427024085353
20.0,9.0,1.0,12.732247495374608
15.0,10.0,1.0,21.169684427404786
16.0,10.0,1.0,20.197502104096646
17.0,10.0,1.0,19.22438239276499
18.0,10.0,1.0,18.25222247757459
19.0,10.0,1.0,17.28022343639191
20.0,10.0,1.0,16.30805562844398
15.0,11.0,1.0,24.74432389908341
16.0,11.0,1.0,23.772558786794892
17.0,11.0,1.0,22.799844272347922
18.0,11.0,1.0,21.828093713918243
19.0,11.0,1.0,20.85722424711666
20.0,11.0,1.0,19.883589559199034
15.0,12.0,1.0,28.32137012759735
16.0,12.0,1.0,27.350039105500596
17.0,12.0,1.0,26.377746613989284
18.0,12.0,1.0,25.404545845479316
19.0,12.0,1.0,24.43226712709608
20.0,12.0,1.0,23.46086625861981
15.0,13.0,1.0,31.898901461964158
16.0,13.0,1.0,30.926132829914522
17.0,13.0,1.0,29.9542846454722
18.0,13.0,1.0,28.981522721315862
19.0,13.0,1.0,28.009680368308338
20.0,13.0,1.0,27.036875624878686
15.0,14.0,1.0,35.47686107822302
16.0,14.0,1.0,34.50455632142509
17.0,14.0,1.0,33.53133276762066
18.0,14.0,1.0,32.55902758016754
19.0,14.0,1.0,31.587581496657556
20.0,14.0,1.0,30.615276825049797
15.0,15.0,1.0,39.05519176800748
16.0,15.0,1.0,38.08337075839118
17.0,15.0,1.0,37.11062542773252
18.0,15.0,1.0,36.138729471645995
19.0,15.0,1.0,35.16597834497691
20.0,15.0,1.0,34.19407937038657
15.0,1.0,2.0,0.0
16.0,1.0,2.0,0.0
17.0,1.0,2.0,0.0
18.0,1.0,2.0,0.0
19.0,1.0,2.0,0.0
20.0,1.0,2.0,0.0
15.0,2.0,2.0,0.0
16.0,2.0,2.0,0.0
17.0,2.0,2.0,0.0
18.0,2.0,2.0,0.0
19.0,2.0,2.0,0.0
20.0,2.0,2.0,0.0
15.0,3.0,2.0,0.0
16.0,3.0,2.0,0.0
17.0,3.0,2.0,0.0
18.0,3.0,2.0,0.0
19.0,3.0,2.0,0.0
20.0,3.0,2.0,0.0
15.0,4.0,2.0,0.0
16.0,4.0,2.0,0.0
17.0,4.0,2.0,0.0
18.0,4.0,2.0,0.0
19.0,4.0,2.0,0.0
20.0,4.0,2.0,0.0
15.0,5.0,2.0,3.2943494053547364
16.0,5.0,2.0,2.321640648017172
17.0,5.0,2.0,1.349048700811741
18.0,5.0,2.0,0.3763722954011536
19.0,5.0,2.0,0.0
20.0,5.0,2.0,0.0
15.0,6.0,2.0,6.871549050925968
16.0,6.0,2.0,5.898870740992598
17.0,6.0,2.0,4.92619591563049
18.0,6.0,2.0,3.953524569900841
19.0,6.0,2.0,2.980851242967014
20.0,6.0,2.0,2.0080020050748884
15.0,7.0,2.0,10.44934574495441
16.0,7.0,2.0,9.476714406096647
17.0,7.0,2.0,8.503883835427404
18.0,7.0,2.0,7.531254126865343
19.0,7.0,2.0,6.558428939658933
20.0,7.0,2.0,5.585607376622615
15.0,8.0,2.0,14.027677102918936
16.0,8.0,2.0,13.054903266024409
17.0,8.0,2.0,12.082151646764093
18.0,8.0,2.0,11.109376033391877
19.0,8.0,2.0,10.136600432258929
20.0,8.0,2.0,9.163808024021776
15.0,9.0,2.0,17.606854931588888
16.0,9.0,2.0,16.633973746203477
17.0,9.0,2.0,15.66127318952773
18.0,9.0,2.0,14.68838498241766
19.0,9.0,2.0,13.715677240531985
20.0,9.0,2.0,12.742758605475442
15.0,10.0,2.0,21.18682389594665
16.0,10.0,2.0,20.213853232334788
17.0,10.0,2.0,19.24179757297039
18.0,10.0,2.0,18.268443907078243
19.0,10.0,2.0,17.295604436092997
20.0,10.0,2.0,16.322791511301386
15.0,11.0,2.0,24.768637484609727
16.0,11.0,2.0,23.79430134151299
17.0,11.0,2.0,22.822726315672824
18.0,11.0,2.0,21.850176023511647
19.0,11.0,2.0,20.8767342691021
20.0,11.0,2.0,19.904167850121173
15.0,12.0,2.0,28.350763624513014
16.0,12.0,2.0,27.37692690664046
17.0,12.0,2.0,26.404001761130086
18.0,12.0,2.0,25.4319398834354
19.0,12.0,2.0,24.458942465854697
20.0,12.0,2.0,23.48685814780058
15.0,13.0,2.0,31.93505790188209
16.0,13.0,2.0,30.961738098769096
17.0,13.0,2.0,29.989271678528347
18.0,13.0,2.0,29.01586454941791
19.0,13.0,2.0,28.04336920283081
20.0,13.0,2.0,27.069934055198242
15.0,14.0,2.0,35.5214248694557
16.0,14.0,2.0,34.5485772640765
17.0,14.0,2.0,33.57484605419932
18.0,14.0,2.0,32.60196112621921
19.0,14.0,2.0,31.629926705492544
20.0,14.0,2.0,30.65700735568022
15.0,15.0,2.0,39.10981447956224
16.0,15.0,2.0,38.13751599369179
17.0,15.0,2.0,37.16426594394038
18.0,15.0,2.0,36.19192365861906
19.0,15.0,2.0,35.21863073737383
20.0,15.0,2.0,34.24618120460279
15.0,1.0,3.0,0.0
16.0,1.0,3.0,0.0
17.0,1.0,3.0,0.0
18.0,1.0,3.0,0.0
19.0,1.0,3.0,0.0
20.0,1.0,3.0,0.0
15.0,2.0,3.0,0.0
16.0,2.0,3.0,0.0
17.0,2.0,3.0,0.0
18.0,2.0,3.0,0.0
19.0,2.0,3.0,0.0
20.0,2.0,3.0,0.0
15.0,3.0,3.0,0.0
16.0,3.0,3.0,0.0
17.0,3.0,3.0,0.0
18.0,3.0,3.0,0.0
19.0,3.0,3.0,0.0
20.0,3.0,3.0,0.0
15.0,4.0,3.0,0.0
16.0,4.0,3.0,0.0
17.0,4.0,3.0,0.0
18.0,4.0,3.0,0.0
19.0,4.0,3.0,0.0
20.0,4.0,3.0,0.0
15.0,5.0,3.0,3.2979250839882193
16.0,5.0,3.0,2.324493441270992
17.0,5.0,3.0,1.3511070860902672
18.0,5.0,3.0,0.37767358686455554
19.0,5.0,3.0,0.0
20.0,5.0,3.0,0.0
15.0,6.0,3.0,6.878482368353274
16.0,6.0,3.0,5.905144313400107
17.0,6.0,3.0,4.931607270788557
18.0,6.0,3.0,3.958056553709741
19.0,6.0,3.0,2.9844921813591765
20.0,6.0,3.0,2.011095315824597
15.0,7.0,3.0,10.460137671973973
16.0,7.0,3.0,9.486726189040736
17.0,7.0,3.0,8.513111857316886
18.0,7.0,3.0,7.539665624484547
19.0,7.0,3.0,6.5660046014827
20.0,7.0,3.0,5.592330010979875
15.0,8.0,3.0,14.043048370396672
16.0,8.0,3.0,13.069579564626052
17.0,8.0,3.0,12.095904021691691
18.0,8.0,3.0,11.122372644127513
19.0,8.0,3.0,10.148638393644042
20.0,8.0,3.0,9.175072466993441
15.0,9.0,3.0,17.627520052430494
16.0,9.0,3.0,16.654011783929043
17.0,9.0,3.0,15.680263693909705
18.0,9.0,3.0,14.706680747577366
19.0,9.0,3.0,13.73289103225267
20.0,9.0,3.0,12.759266345435835
15.0,10.0,3.0,21.2146189909629
16.0,10.0,3.0,20.241050991269077
17.0,10.0,3.0,19.266562704361387
18.0,10.0,3.0,18.292757871292014
19.0,10.0,3.0,17.31908255992733
20.0,10.0,3.0,16.34523074175231
15.0,11.0,3.0,24.80299003136096
16.0,11.0,3.0,23.828149066421222
17.0,11.0,3.0,22.856033858579224
18.0,11.0,3.0,21.881050350104267
19.0,11.0,3.0,20.907014681892335
20.0,11.0,3.0,19.933845795481016
15.0,12.0,3.0,28.393380303296755
16.0,12.0,3.0,27.42092921495809
17.0,12.0,3.0,26.447510569658817
18.0,12.0,3.0,25.473125712257367
19.0,12.0,3.0,24.49959758664025
20.0,12.0,3.0,23.525107882516313
15.0,13.0,3.0,31.989446780443558
16.0,13.0,3.0,31.015708257557733
17.0,13.0,3.0,30.040941945556764
18.0,13.0,3.0,29.0690059092321
19.0,13.0,3.0,28.094174681015815
20.0,13.0,3.0,27.12024736686645
15.0,14.0,3.0,35.589279112060346
16.0,14.0,3.0,34.61614219387516
17.0,14.0,3.0,33.64196489175395
18.0,14.0,3.0,32.668689522817104
19.0,14.0,3.0,31.694441530414974
20.0,14.0,3.0,30.721094702310403
15.0,15.0,3.0,39.194787813167316
16.0,15.0,3.0,38.222197170396264
17.0,15.0,3.0,37.24862716817284
18.0,15.0,3.0,36.27407916324087
19.0,15.0,3.0,35.30230708035004
20.0,15.0,3.0,34.327680818583154
15.0,1.0,4.0,0.0
16.0,1.0,4.0,0.0
17.0,1.0,4.0,0.0
18.0,1.0,4.0,0.0
19.0,1.0,4.0,0.0
20.0,1.0,4.0,0.0
15.0,2.0,4.0,0.0
16.0,2.0,4.0,0.0
17.0,2.0,4.0,0.0
18.0,2.0,4.0,0.0
19.0,2.0,4.0,0.0
20.0,2.0,4.0,0.0
15.0,3.0,4.0,0.0
16.0,3.0,4.0,0.0
17.0,3.0,4.0,0.0
18.0,3.0,4.0,0.0
19.0,3.0,4.0,0.0
20.0,3.0,4.0,0.0
15.0,4.0,4.0,0.0
16.0,4.0,4.0,0.0
17.0,4.0,4.0,0.0
18.0,4.0,4.0,0.0
19.0,4.0,4.0,0.0
20.0,4.0,4.0,0.0
15.0,5.0,4.0,3.3038511285728176
16.0,5.0,4.0,2.3295177492849284
17.0,5.0,4.0,1.355159297042627
18.0,5.0,4.0,0.38076892925537276
19.0,5.0,4.0,0.0
20.0,5.0,4.0,0.0
15.0,6.0,4.0,6.889121444658071
16.0,6.0,4.0,5.9145821170341755
17.0,6.0,4.0,4.9401858391189855
18.0,6.0,4.0,3.9657583416837414
19.0,6.0,4.0,2.9912940785158635
20.0,6.0,4.0,2.0166193189777384
15.0,7.0,4.0,10.47604404176167
16.0,7.0,4.0,9.501667107105307
17.0,7.0,4.0,8.527067886085957
18.0,7.0,4.0,7.552621181792819
19.0,7.0,4.0,6.577940149840633
20.0,7.0,4.0,5.6032386240337635
15.0,8.0,4.0,14.065311212359099
16.0,8.0,4.0,13.090750724594152
17.0,8.0,4.0,12.116339373834336
18.0,8.0,4.0,11.14168096698268
19.0,8.0,4.0,10.167006904101783
20.0,8.0,4.0,9.19227728040952
15.0,9.0,4.0,17.65743769550979
16.0,9.0,4.0,16.682898764355066
17.0,9.0,4.0,15.708129664187867
18.0,9.0,4.0,14.733478723943804
19.0,9.0,4.0,13.758789346701588
20.0,9.0,4.0,12.784061585696566
15.0,10.0,4.0,21.25354665380514
16.0,10.0,4.0,20.27772651433263
17.0,10.0,4.0,19.302766384764087
18.0,10.0,4.0,18.32889320359124
19.0,10.0,4.0,17.354224924355115
20.0,10.0,4.0,16.37951451675357
15.0,11.0,4.0,24.851682441918392
16.0,11.0,4.0,23.87836744393959
17.0,11.0,4.0,22.904015790932277
18.0,11.0,4.0,21.928634421002645
19.0,11.0,4.0,20.954192722067354
20.0,11.0,4.0,19.978726007925975
15.0,12.0,4.0,28.457328182526066
16.0,12.0,4.0,27.482709959932066
17.0,12.0,4.0,26.508986128996924
18.0,12.0,4.0,25.534219893627863
19.0,12.0,4.0,24.560397373231638
20.0,12.0,4.0,23.58553717060293
15.0,13.0,4.0,32.070357161786646
16.0,13.0,4.0,31.096386499608336
17.0,13.0,4.0,30.123307360617297
18.0,13.0,4.0,29.149173067071455
19.0,13.0,4.0,28.175933308896056
20.0,13.0,4.0,27.201698241134377
15.0,14.0,4.0,35.69471698470931
16.0,14.0,4.0,34.721340491617184
17.0,14.0,4.0,33.748920307314634
18.0,14.0,4.0,32.77543215252665
19.0,14.0,4.0,31.80283566610902
20.0,14.0,4.0,30.829179710775456
15.0,15.0,4.0,39.33401440892639
16.0,15.0,4.0,38.363278150849
17.0,15.0,4.0,37.39145777168995
18.0,15.0,4.0,36.42052565707134
19.0,15.0,4.0,35.44851795550265
20.0,15.0,4.0,34.47746687810118
15.0,1.0,5.0,0.0
16.0,1.0,5.0,0.0
17.0,1.0,5.0,0.0
18.0,1.0,5.0,0.0
19.0,1.0,5.0,0.0
20.0,1.0,5.0,0.0
15.0,2.0,5.0,0.0
16.0,2.0,5.0,0.0
17.0,2.0,5.0,0.0
18.0,2.0,5.0,0.0
19.0,2.0,5.0,0.0
20.0,2.0,5.0,0.0
15.0,3.0,5.0,0.0
16.0,3.0,5.0,0.0
17.0,3.0,5.0,0.0
18.0,3.0,5.0,0.0
19.0,3.0,5.0,0.0
20.0,3.0,5.0,0.0
15.0,4.0,5.0,0.0
16.0,4.0,5.0,0.0
17.0,4.0,5.0,0.0
18.0,4.0,5.0,0.0
19.0,4.0,5.0,0.0
20.0,4.0,5.0,0.0
15.0,5.0,5.0,3.31523740287206
16.0,5.0,5.0,2.3400046807643236
17.0,5.0,5.0,1.3646448029701628
18.0,5.0,5.0,0.38925847984975
19.0,5.0,5.0,0.0
20.0,5.0,5.0,0.0
15.0,6.0,5.0,6.907220979251102
16.0,6.0,5.0,5.931836527137411
17.0,6.0,5.0,4.956578917533955
18.0,6.0,5.0,3.9810832913108927
19.0,6.0,5.0,3.005538754289986
20.0,6.0,5.0,2.029941543419767
15.0,7.0,5.0,10.502368734597542
16.0,7.0,5.0,9.527019223305015
17.0,7.0,5.0,8.551616853045877
18.0,7.0,5.0,7.57635085927229
19.0,7.0,5.0,6.6008304215637335
20.0,7.0,5.0,5.62527167236785
15.0,8.0,5.0,14.101766301770096
16.0,8.0,5.0,13.126480332087437
17.0,8.0,5.0,12.15113766462208
18.0,8.0,5.0,11.175906664090002
19.0,8.0,5.0,10.200452604368863
20.0,8.0,5.0,9.224924616266986
15.0,9.0,5.0,17.706545966560448
16.0,9.0,5.0,16.731496816738336
17.0,9.0,5.0,15.756420576219188
18.0,9.0,5.0,14.781255633462054
19.0,9.0,5.0,13.806033845068338
20.0,9.0,5.0,12.830755288956466
15.0,10.0,5.0,21.319315848271636
16.0,10.0,5.0,20.34321325371567
17.0,10.0,5.0,19.36990296984897
18.0,10.0,5.0,18.394629760205564
19.0,10.0,5.0,17.419865919198177
20.0,10.0,5.0,16.44519975694972
15.0,11.0,5.0,24.94195776736597
16.0,11.0,5.0,23.966528025728913
17.0,11.0,5.0,22.993890640949466
18.0,11.0,5.0,22.0202347073772
19.0,11.0,5.0,21.045521571612046
20.0,11.0,5.0,20.07173639347754
15.0,12.0,5.0,28.579665100544293
16.0,12.0,5.0,27.606829288771596
17.0,12.0,5.0,26.63482593137966
18.0,12.0,5.0,25.661850779960115
19.0,12.0,5.0,24.689711159345446
20.0,12.0,5.0,23.781314762891622
15.0,13.0,5.0,32.60717843601035
16.0,13.0,5.0,31.72655531792493
17.0,13.0,5.0,30.84870228365982
18.0,13.0,5.0,29.96967706455654
19.0,13.0,5.0,29.08954181251837
20.0,13.0,5.0,28.210205810306544
15.0,14.0,5.0,37.035831242698734
16.0,14.0,5.0,36.15770109837942
17.0,14.0,5.0,35.27838314107335
18.0,14.0,5.0,34.39794981640147
19.0,14.0,5.0,33.520225876811494
20.0,14.0,5.0,32.64132376685041
15.0,15.0,5.0,41.46670809693147
16.0,15.0,5.0,40.58712331813633
17.0,15.0,5.0,39.70833413180538
18.0,15.0,5.0,38.82834961796092
19.0,15.0,5.0,37.9492363628009
20.0,15.0,5.0,37.07084625100471
15.0,1.0,6.0,0.0
16.0,1.0,6.0,0.0
17.0,1.0,6.0,0.0
18.0,1.0,6.0,0.0
19.0,1.0,6.0,0.0
20.0,1.0,6.0,0.0
15.0,2.0,6.0,0.0
16.0,2.0,6.0,0.0
17.0,2.0,6.0,0.0
18.0,2.0,6.0,0.0
19.0,2.0,6.0,0.0
20.0,2.0,6.0,0.0
15.0,3.0,6.0,0.0
16.0,3.0,6.0,0.0
17.0,3.0,6.0,0.0
18.0,3.0,6.0,0.0
19.0,3.0,6.0,0.0
20.0,3.0,6.0,0.0
15.0,4.0,6.0,0.0
16.0,4.0,6.0,0.0
17.0,4.0,6.0,0.0
18.0,4.0,6.0,0.0
19.0,4.0,6.0,0.0
20.0,4.0,6.0,0.0
15.0,5.0,6.0,3.3421965185611886
16.0,5.0,6.0,2.3664216737686012
17.0,5.0,6.0,1.3904684951138078
18.0,5.0,6.0,0.4145277085162758
19.0,5.0,6.0,0.0
20.0,5.0,6.0,0.0
15.0,6.0,6.0,6.946808571608695
16.0,6.0,6.0,5.97112397290748
17.0,6.0,6.0,4.995562341938255
18.0,6.0,6.0,4.019741950500131
19.0,6.0,6.0,3.044044538435281
20.0,6.0,6.0,2.0682753888380603
15.0,7.0,6.0,10.558823191755607
16.0,7.0,6.0,9.583625789152581
17.0,7.0,6.0,8.608356209425203
18.0,7.0,6.0,7.633205629173872
19.0,7.0,6.0,6.657970178558127
20.0,7.0,6.0,5.682666407035991
15.0,8.0,6.0,14.180916444527913
16.0,8.0,6.0,13.206603876588188
17.0,8.0,6.0,12.232191064802581
18.0,8.0,6.0,11.25789666067659
19.0,8.0,6.0,10.283720503167753
20.0,8.0,6.0,9.30966243152551
15.0,9.0,6.0,17.818049906815787
16.0,9.0,6.0,16.845180883535065
17.0,9.0,6.0,15.888947269512657
18.0,9.0,6.0,15.009832898232379
19.0,9.0,6.0,14.130720081233056
20.0,9.0,6.0,13.25166462079967
15.0,10.0,6.0,22.075954817725354
16.0,10.0,6.0,21.197529772998898
17.0,10.0,6.0,20.317934673009738
18.0,10.0,6.0,19.439095888149367
19.0,10.0,6.0,18.560513025190733
20.0,10.0,6.0,17.681537458283785
15.0,11.0,6.0,26.50761073396509
16.0,11.0,6.0,25.627702628585947
17.0,11.0,6.0,24.748637632317497
18.0,11.0,6.0,23.870363640908206
19.0,11.0,6.0,22.990913563543554
20.0,11.0,6.0,22.1103365343056
15.0,12.0,6.0,30.935448788652437
16.0,12.0,6.0,30.058073083809887
17.0,12.0,6.0,29.17757574706731
18.0,12.0,6.0,28.299797611001026
19.0,12.0,6.0,27.420885375463637
20.0,12.0,6.0,26.540840572181658
15.0,13.0,6.0,35.365278990181466
16.0,13.0,6.0,34.48648627779525
17.0,13.0,6.0,33.608548588452535
18.0,13.0,6.0,32.72940477614013
19.0,13.0,6.0,31.849061550562148
20.0,13.0,6.0,30.971498821684097
15.0,14.0,6.0,39.79512493278504
16.0,14.0,6.0,38.91692283896913
17.0,14.0,6.0,38.03757570604218
18.0,14.0,6.0,37.158944938622156
19.0,14.0,6.0,36.27924398612159
20.0,14.0,6.0,35.4002624671916
15.0,15.0,6.0,44.22484952625227
16.0,15.0,6.0,43.34726218645557
17.0,15.0,6.0,42.46844189476373
18.0,15.0,6.0,41.5885563274695
19.0,15.0,6.0,40.70937812422046
20.0,15.0,6.0,39.83098842007805
15.0,1.0,7.0,0.0
16.0,1.0,7.0,0.0
17.0,1.0,7.0,0.0
18.0,1.0,7.0,0.0
19.0,1.0,7.0,0.0
20.0,1.0,7.0,0.0
15.0,2.0,7.0,0.0
16.0,2.0,7.0,0.0
17.0,2.0,7.0,0.0
18.0,2.0,7.0,0.0
19.0,2.0,7.0,0.0
20.0,2.0,7.0,0.0
15.0,3.0,7.0,0.0
16.0,3.0,7.0,0.0
17.0,3.0,7.0,0.0
18.0,3.0,7.0,0.0
19.0,3.0,7.0,0.0
20.0,3.0,7.0,0.0
15.0,4.0,7.0,0.0
16.0,4.0,7.0,0.0
17.0,4.0,7.0,0.0
18.0,4.0,7.0,0.0
19.0,4.0,7.0,0.0
20.0,4.0,7.0,0.0
15.0,5.0,7.0,3.416600199593877
16.0,5.0,7.0,2.441997504275084
17.0,5.0,7.0,1.4674643229738105
18.0,5.0,7.0,0.49294284241066966
19.0,5.0,7.0,0.0
20.0,5.0,7.0,0.0
15.0,6.0,7.0,7.117772820944252
16.0,6.0,7.0,6.238753290837729
17.0,6.0,7.0,5.359549197156842
18.0,6.0,7.0,4.480568530422852
19.0,6.0,7.0,3.6014068175952354
20.0,6.0,7.0,2.72226714412229
15.0,7.0,7.0,11.547522190421159
16.0,7.0,7.0,10.668436079013146
17.0,7.0,7.0,9.789387509219607
18.0,7.0,7.0,8.91033694810972
19.0,7.0,7.0,8.031112071360228
20.0,7.0,7.0,7.152098754957898
15.0,8.0,7.0,15.97733118877708
16.0,8.0,7.0,15.098241785454489
17.0,8.0,7.0,14.21913675742574
18.0,8.0,7.0,13.340047008613093
19.0,8.0,7.0,12.460972518470431
20.0,8.0,7.0,11.581890899680774
15.0,9.0,7.0,20.40658081699986
16.0,9.0,7.0,19.527450425697644
17.0,9.0,7.0,18.648912990848785
18.0,9.0,7.0,17.76980617783938
19.0,9.0,7.0,16.890678576127925
20.0,9.0,7.0,16.011597252712182
15.0,10.0,7.0,24.837352520332146
16.0,10.0,7.0,23.956871808903923
17.0,10.0,7.0,23.079071716207725
18.0,10.0,7.0,22.20016209026644
19.0,10.0,7.0,21.32005666743541
20.0,10.0,7.0,20.440738904041655
15.0,11.0,7.0,29.26604469921172
16.0,11.0,7.0,28.388119981885712
17.0,11.0,7.0,27.508980244433605
18.0,11.0,7.0,26.62868394530954
19.0,11.0,7.0,25.75111461351977
20.0,11.0,7.0,24.870448226823765
15.0,12.0,7.0,33.69653063807827
16.0,12.0,7.0,32.817232599606015
17.0,12.0,7.0,31.93871813181361
18.0,12.0,7.0,31.059041351116925
19.0,12.0,7.0,30.180147780665656
20.0,12.0,7.0,29.300036336008983
15.0,13.0,7.0,37.81279865811082
16.0,13.0,7.0,37.24614427836448
17.0,13.0,7.0,36.36827777312259
18.0,13.0,7.0,35.48924317533283
19.0,13.0,7.0,34.608974658505055
20.0,13.0,7.0,33.73143681169517
15.0,14.0,7.0,40.99209263802722
16.0,14.0,7.0,40.612625840564206
17.0,14.0,7.0,40.24138193499784
18.0,14.0,7.0,39.87624143843968
19.0,14.0,7.0,39.03954262448839
20.0,14.0,7.0,38.160633678186905
15.0,15.0,7.0,44.10651297371217
16.0,15.0,7.0,43.72916157418724
17.0,15.0,7.0,43.35987740470131
18.0,15.0,7.0,43.00060566985132
19.0,15.0,7.0,42.64954878070215
20.0,15.0,7.0,42.3046591343864
15.0,1.0,8.0,0.0
16.0,1.0,8.0,0.0
17.0,1.0,8.0,0.0
18.0,1.0,8.0,0.0
19.0,1.0,8.0,0.0
20.0,1.0,8.0,0.0
15.0,2.0,8.0,0.0
16.0,2.0,8.0,0.0
17.0,2.0,8.0,0.0
18.0,2.0,8.0,0.0
19.0,2.0,8.0,0.0
20.0,2.0,8.0,0.0
15.0,3.0,8.0,0.0
16.0,3.0,8.0,0.0
17.0,3.0,8.0,0.0
18.0,3.0,8.0,0.0
19.0,3.0,8.0,0.0
20.0,3.0,8.0,0.0
15.0,4.0,8.0,1.0181220518638825
16.0,4.0,8.0,0.1390432692120972
17.0,4.0,8.0,0.0
18.0,4.0,8.0,0.0
19.0,4.0,8.0,0.0
20.0,4.0,8.0,0.0
15.0,5.0,8.0,5.447869806827203
16.0,5.0,8.0,4.568890237332571
17.0,5.0,8.0,3.6897212685798264
18.0,5.0,8.0,2.8105520060936744
19.0,5.0,8.0,1.9315661283994547
20.0,5.0,8.0,1.0524721797271168
15.0,6.0,8.0,9.877659512274972
16.0,6.0,8.0,8.998492362471902
17.0,6.0,8.0,8.119505855553284
18.0,6.0,8.0,7.24032974988518
19.0,6.0,8.0,6.361353348648928
20.0,6.0,8.0,5.482187508506675
15.0,7.0,8.0,14.307322385601143
16.0,7.0,8.0,13.428351820710805
17.0,7.0,8.0,12.549187840024958
18.0,7.0,8.0,11.670197774524956
19.0,7.0,8.0,10.79103893143602
20.0,7.0,8.0,9.912057267933228
15.0,8.0,8.0,18.737160203521157
16.0,8.0,8.0,17.858001137116297
17.0,8.0,8.0,16.97907227447427
18.0,8.0,8.0,16.099946317895665
19.0,8.0,8.0,15.220788951479308
20.0,8.0,8.0,14.34182836614131
15.0,9.0,8.0,23.166899953995088
16.0,9.0,8.0,22.287839918910617
17.0,9.0,8.0,21.409515166214195
18.0,9.0,8.0,20.530014956157927
19.0,9.0,8.0,19.65129503910326
20.0,9.0,8.0,18.771596389484106
15.0,10.0,8.0,27.444960091287136
16.0,10.0,8.0,26.717542291833247
17.0,10.0,8.0,25.83792042939137
18.0,10.0,8.0,24.959077060440638
19.0,10.0,8.0,24.08096402142705
20.0,10.0,8.0,23.201719979106713
15.0,11.0,8.0,30.669690632578323
16.0,11.0,8.0,30.275373412628316
17.0,11.0,8.0,29.887289956151967
18.0,11.0,8.0,29.38973212534808
19.0,11.0,8.0,28.510328010882734
20.0,11.0,8.0,27.631702691264753
15.0,12.0,8.0,33.84904020310998
16.0,12.0,8.0,33.45271840194371
17.0,12.0,8.0,33.064671416389295
18.0,12.0,8.0,32.68672164535408
19.0,12.0,8.0,32.31499513145082
20.0,12.0,8.0,31.94948363182547
15.0,13.0,8.0,36.97087393938439
16.0,13.0,8.0,36.57460999944876
17.0,13.0,8.0,36.188605803951816
18.0,13.0,8.0,35.810667275116245
19.0,13.0,8.0,35.440997208131805
20.0,13.0,8.0,35.07951356407858
15.0,14.0,8.0,40.02509088542026
16.0,14.0,8.0,39.62892858551205
17.0,14.0,8.0,39.24296860680761
18.0,14.0,8.0,38.86712093722359
19.0,14.0,8.0,38.50152604115389
20.0,14.0,8.0,38.14404988249743
15.0,15.0,8.0,42.993567658121826
16.0,15.0,8.0,42.59747440340432
17.0,15.0,8.0,42.213655931169654
18.0,15.0,8.0,41.8419287377185
19.0,15.0,8.0,41.48038881208796
20.0,15.0,8.0,41.129022720015136
15.0,1.0,9.0,0.0
16.0,1.0,9.0,0.0
17.0,1.0,9.0,0.0
18.0,1.0,9.0,0.0
19.0,1.0,9.0,0.0
20.0,1.0,9.0,0.0
15.0,2.0,9.0,0.0
16.0,2.0,9.0,0.0
17.0,2.0,9.0,0.0
18.0,2.0,9.0,0.0
19.0,2.0,9.0,0.0
20.0,2.0,9.0,0.0
15.0,3.0,9.0,0.0
16.0,3.0,9.0,0.0
17.0,3.0,9.0,0.0
18.0,3.0,9.0,0.0
19.0,3.0,9.0,0.0
20.0,3.0,9.0,0.0
15.0,4.0,9.0,3.7780602935810057
16.0,4.0,9.0,2.899013986178549
17.0,4.0,9.0,2.0197703844110735
18.0,4.0,9.0,1.140770754511808
19.0,4.0,9.0,0.26168751432113413
20.0,4.0,9.0,0.0
15.0,5.0,9.0,8.207760157034423
16.0,5.0,9.0,7.328766316153336
17.0,5.0,9.0,6.449567417836874
18.0,5.0,9.0,5.570556192210484
19.0,5.0,9.0,4.691527046058129
20.0,5.0,9.0,3.812304066784431
15.0,6.0,9.0,12.637480493463713
16.0,6.0,9.0,11.758365182429921
17.0,6.0,9.0,10.879434381088886
18.0,6.0,9.0,10.000275137765408
19.0,6.0,9.0,9.121125211173537
20.0,6.0,9.0,8.242143397115564
15.0,7.0,9.0,17.065830498586898
16.0,7.0,9.0,16.188157236347013
17.0,7.0,9.0,15.309122343410634
18.0,7.0,9.0,14.430043399958667
19.0,7.0,9.0,13.550952312562343
20.0,7.0,9.0,12.671849097269883
15.0,8.0,9.0,20.32651111562899
16.0,8.0,9.0,19.919068917689813
17.0,8.0,9.0,19.519636187223167
18.0,8.0,9.0,18.859760653029685
19.0,8.0,9.0,17.980733802148087
20.0,8.0,9.0,17.101728430074996
15.0,9.0,9.0,23.55173811194686
16.0,9.0,9.0,23.142266053069925
17.0,9.0,9.0,22.741053388345854
18.0,9.0,9.0,22.34804513831308
19.0,9.0,9.0,21.961346136389643
20.0,9.0,9.0,21.53154876848457
15.0,10.0,9.0,26.735088219455793
16.0,10.0,9.0,26.32167417008856
17.0,10.0,9.0,25.920438653577214
18.0,10.0,9.0,25.52553740054729
19.0,10.0,9.0,25.138836735903876
20.0,10.0,9.0,24.760328162255814
15.0,11.0,9.0,29.8644776888836
16.0,11.0,9.0,29.45111135334397
17.0,11.0,9.0,29.045971956433025
18.0,11.0,9.0,28.653068175292617
19.0,11.0,9.0,28.26639009241354
20.0,11.0,9.0,27.889999010782468
15.0,12.0,9.0,32.93366799844317
16.0,12.0,9.0,32.51834032012194
17.0,12.0,9.0,32.11329529311864
18.0,12.0,9.0,31.718456556185536
19.0,12.0,9.0,31.33393726869243
20.0,12.0,9.0,30.959598961738887
15.0,13.0,9.0,35.9244520546583
16.0,13.0,9.0,35.5091809411732
17.0,13.0,9.0,35.104277607337586
18.0,13.0,9.0,34.71157436463737
19.0,13.0,9.0,34.329140461215935
20.0,13.0,9.0,33.95696244731432
15.0,14.0,9.0,38.818437662448886
16.0,14.0,9.0,38.40732629902449
17.0,14.0,9.0,38.006523136438624
18.0,14.0,9.0,37.618003811130244
19.0,14.0,9.0,37.23976403549409
20.0,14.0,9.0,36.871717109486326
15.0,15.0,9.0,41.300059242297
16.0,15.0,9.0,41.05082454555786
17.0,15.0,9.0,40.79574624129079
18.0,15.0,9.0,40.415469754136566
19.0,15.0,9.0,40.0453997869396
20.0,15.0,9.0,39.68361384010318
15.0,1.0,10.0,0.0
16.0,1.0,10.0,0.0
17.0,1.0,10.0,0.0
18.0,1.0,10.0,0.0
19.0,1.0,10.0,0.0
20.0,1.0,10.0,0.0
15.0,2.0,10.0,0.0
16.0,2.0,10.0,0.0
17.0,2.0,10.0,0.0
18.0,2.0,10.0,0.0
19.0,2.0,10.0,0.0
20.0,2.0,10.0,0.0
15.0,3.0,10.0,2.1080512246359326
16.0,3.0,10.0,1.2290414425814615
17.0,3.0,10.0,0.34995316038910473
18.0,3.0,10.0,0.0
19.0,3.0,10.0,0.0
20.0,3.0,10.0,0.0
15.0,4.0,10.0,6.537923602058726
16.0,4.0,10.0,5.65882308677839
17.0,4.0,10.0,4.779699932702585
18.0,4.0,10.0,3.9005464524119486
19.0,4.0,10.0,3.0215776119668636
20.0,4.0,10.0,2.1423841386876465
15.0,5.0,10.0,9.969644061743582
16.0,5.0,10.0,9.55318895763922
17.0,5.0,10.0,9.143422385476775
18.0,5.0,10.0,8.330410695072729
19.0,5.0,10.0,7.451332236092874
20.0,5.0,10.0,6.572247606528298
15.0,6.0,10.0,13.229239524384816
16.0,6.0,10.0,12.80994033574056
17.0,6.0,10.0,12.398154471673841
18.0,6.0,10.0,11.99327676395647
19.0,6.0,10.0,11.59490145672665
20.0,6.0,10.0,11.001952950740039
15.0,7.0,10.0,16.455393922509007
16.0,7.0,10.0,16.032693558557394
17.0,7.0,10.0,15.618482192031399
18.0,7.0,10.0,15.212215403205292
19.0,7.0,10.0,14.813026929525536
20.0,7.0,10.0,14.420541373449192
15.0,8.0,10.0,19.641899796515858
16.0,8.0,10.0,19.2157823649642
17.0,8.0,10.0,18.799034639861727
18.0,8.0,10.0,18.390971607137526
19.0,8.0,10.0,17.990824337390627
20.0,8.0,10.0,17.598383623046892
15.0,9.0,10.0,22.781980399592822
16.0,9.0,10.0,22.35110568443902
17.0,9.0,10.0,21.932571004654537
18.0,9.0,10.0,21.522373540856034
19.0,9.0,10.0,21.12249492908692
20.0,9.0,10.0,20.72889717407454
15.0,10.0,10.0,25.864395328057444
16.0,10.0,10.0,25.431585677749357
17.0,10.0,10.0,25.0090873141095
18.0,10.0,10.0,24.598983859537043
19.0,10.0,10.0,24.197169214559803
20.0,10.0,10.0,23.805677060582305
15.0,11.0,10.0,28.875778498915956
16.0,11.0,10.0,28.44307482965972
17.0,11.0,10.0,28.020689986238683
18.0,11.0,10.0,27.61066759435311
19.0,11.0,10.0,27.20899465612547
20.0,11.0,10.0,26.817657904567092
15.0,12.0,10.0,31.801850931079283
16.0,12.0,10.0,31.369240388623464
17.0,12.0,10.0,30.951026425858565
18.0,12.0,10.0,30.541122290634227
19.0,12.0,10.0,30.14364313577148
20.0,12.0,10.0,29.754450263874944
15.0,13.0,10.0,34.23045723602309
16.0,13.0,10.0,33.98079686584299
17.0,13.0,10.0,33.73342668621995
18.0,13.0,10.0,33.37591215260997
19.0,13.0,10.0,32.984698274998095
20.0,13.0,10.0,32.60177033703723
15.0,14.0,10.0,36.5836983056437
16.0,14.0,10.0,36.3347289417563
17.0,14.0,10.0,36.08597466889546
18.0,14.0,10.0,35.83743520844755
19.0,14.0,10.0,35.58911028227992
20.0,14.0,10.0,35.33899308349368
15.0,15.0,10.0,38.93564361420403
16.0,15.0,10.0,38.68737884402861
17.0,15.0,10.0,38.43932787515267
18.0,15.0,10.0,38.189479188664635
19.0,15.0,10.0,37.94177958264646
20.0,15.0,10.0,37.692360248696836
21.0,1.0,0.0,0.0
22.0,1.0,0.0,0.0
23.0,1.0,0.0,0.0
24.0,1.0,0.0,0.0
25.0,1.0,0.0,0.0
21.0,2.0,0.0,0.0
22.0,2.0,0.0,0.0
23.0,2.0,0.0,0.0
24.0,2.0,0.0,0.0
25.0,2.0,0.0,0.0
21.0,3.0,0.0,0.0
22.0,3.0,0.0,0.0
23.0,3.0,0.0,0.0
24.0,3.0,0.0,0.0
25.0,3.0,0.0,0.0
21.0,4.0,0.0,0.0
22.0,4.0,0.0,0.0
23.0,4.0,0.0,0.0
24.0,4.0,0.0,0.0
25.0,4.0,0.0,0.0
21.0,5.0,0.0,0.0
22.0,5.0,0.0,0.0
23.0,5.0,0.0,0.0
24.0,5.0,0.0,0.0
25.0,5.0,0.0,0.0
21.0,6.0,0.0,1.0334672452808569
22.0,6.0,0.0,0.0615858393904582
23.0,6.0,0.0,0.0
24.0,6.0,0.0,0.0
25.0,6.0,0.0,0.0
21.0,7.0,0.0,4.6073950007800635
22.0,7.0,0.0,3.635486998962212
23.0,7.0,0.0,2.6636234810198016
24.0,7.0,0.0,1.691783446561783
25.0,7.0,0.0,0.7199030655345714
21.0,8.0,0.0,8.181462201960764
22.0,8.0,0.0,7.209631753475369
23.0,8.0,0.0,6.237651656943514
24.0,8.0,0.0,5.265725611177874
25.0,8.0,0.0,4.293832915023305
21.0,9.0,0.0,11.755466434929048
22.0,9.0,0.0,10.783553839541495
23.0,9.0,0.0,9.811678892469851
24.0,9.0,0.0,8.839825657646522
25.0,9.0,0.0,7.867848023071647
21.0,10.0,0.0,15.329385346794455
22.0,10.0,0.0,14.357586882080305
23.0,10.0,0.0,13.385642473389314
24.0,10.0,0.0,12.4137099502595
25.0,10.0,0.0,11.441815120729848
21.0,11.0,0.0,18.903687229902197
22.0,11.0,0.0,17.931479957851586
23.0,11.0,0.0,16.959633831620977
24.0,11.0,0.0,15.987670455057549
25.0,11.0,0.0,15.01586392160466
21.0,12.0,0.0,22.477050119970414
22.0,12.0,0.0,21.50481278396871
23.0,12.0,0.0,20.533469175409692
24.0,12.0,0.0,19.561253046853842
25.0,12.0,0.0,18.589970331122004
21.0,13.0,0.0,26.051222237717404
22.0,13.0,0.0,25.079289221010555
23.0,13.0,0.0,24.10833188582016
24.0,13.0,0.0,23.13640950703334
25.0,13.0,0.0,22.163654210118164
21.0,14.0,0.0,29.626149235536136
22.0,14.0,0.0,28.652765185856754
23.0,14.0,0.0,27.68212496647117
24.0,14.0,0.0,26.708790133833787
25.0,14.0,0.0,25.73814985886115
21.0,15.0,0.0,33.19995929729691
22.0,15.0,0.0,32.22695447652085
23.0,15.0,0.0,31.254878752782023
24.0,15.0,0.0,30.283675846727228
25.0,15.0,0.0,29.31164250024937
21.0,1.0,1.0,0.0
22.0,1.0,1.0,0.0
23.0,1.0,1.0,0.0
24.0,1.0,1.0,0.0
25.0,1.0,1.0,0.0
21.0,2.0,1.0,0.0
22.0,2.0,1.0,0.0
23.0,2.0,1.0,0.0
24.0,2.0,1.0,0.0
25.0,2.0,1.0,0.0
21.0,3.0,1.0,0.0
22.0,3.0,1.0,0.0
23.0,3.0,1.0,0.0
24.0,3.0,1.0,0.0
25.0,3.0,1.0,0.0
21.0,4.0,1.0,0.0
22.0,4.0,1.0,0.0
23.0,4.0,1.0,0.0
24.0,4.0,1.0,0.0
25.0,4.0,1.0,0.0
21.0,5.0,1.0,0.0
22.0,5.0,1.0,0.0
23.0,5.0,1.0,0.0
24.0,5.0,1.0,0.0
25.0,5.0,1.0,0.0
21.0,6.0,1.0,1.0342125928686974
22.0,6.0,1.0,0.06203893099812453
23.0,6.0,1.0,0.0
24.0,6.0,1.0,0.0
25.0,6.0,1.0,0.0
21.0,7.0,1.0,4.609300521609268
22.0,7.0,1.0,3.6372002362241815
23.0,7.0,1.0,2.66494290960053
24.0,7.0,1.0,1.6927428797912214
25.0,7.0,1.0,0.7205523758529121
21.0,8.0,1.0,8.184653479725803
22.0,8.0,1.0,7.21234016377826
23.0,8.0,1.0,6.240217637723872
24.0,8.0,1.0,5.267937908668531
25.0,8.0,1.0,4.295863584724127
21.0,9.0,1.0,11.760085099419031
22.0,9.0,1.0,10.787920204722576
23.0,9.0,1.0,9.815594281987607
24.0,9.0,1.0,8.843470713629447
25.0,9.0,1.0,7.871186231503982
21.0,10.0,1.0,15.335873496938323
22.0,10.0,1.0,14.363552621757961
23.0,10.0,1.0,13.391403081323727
24.0,10.0,1.0,12.419270648617484
25.0,10.0,1.0,11.446952702629005
21.0,11.0,1.0,18.912740878848634
22.0,11.0,1.0,17.93968016629894
23.0,11.0,1.0,16.96754521379843
24.0,11.0,1.0,15.9952416692778
25.0,11.0,1.0,15.022924503909366
21.0,12.0,1.0,22.48860220555317
22.0,12.0,1.0,21.515392272357833
23.0,12.0,1.0,20.543106202364108
24.0,12.0,1.0,19.57170696815538
25.0,12.0,1.0,18.599442636823905
21.0,13.0,1.0,26.065040888491918
22.0,13.0,1.0,25.09407763668927
23.0,13.0,1.0,24.120332868273472
24.0,13.0,1.0,23.14938352383842
25.0,13.0,1.0,22.175658839390426
21.0,14.0,1.0,29.64383400919564
22.0,14.0,1.0,28.67142477576113
23.0,14.0,1.0,27.698157302383
24.0,14.0,1.0,26.72576027181594
25.0,14.0,1.0,25.754284909178406
21.0,15.0,1.0,33.22126146043544
22.0,15.0,1.0,32.24930210021492
23.0,15.0,1.0,31.278320179928308
24.0,15.0,1.0,30.304530552071647
25.0,15.0,1.0,29.33349461715253
21.0,1.0,2.0,0.0
22.0,1.0,2.0,0.0
23.0,1.0,2.0,0.0
24.0,1.0,2.0,0.0
25.0,1.0,2.0,0.0
21.0,2.0,2.0,0.0
22.0,2.0,2.0,0.0
23.0,2.0,2.0,0.0
24.0,2.0,2.0,0.0
25.0,2.0,2.0,0.0
21.0,3.0,2.0,0.0
22.0,3.0,2.0,0.0
23.0,3.0,2.0,0.0
24.0,3.0,2.0,0.0
25.0,3.0,2.0,0.0
21.0,4.0,2.0,0.0
22.0,4.0,2.0,0.0
23.0,4.0,2.0,0.0
24.0,4.0,2.0,0.0
25.0,4.0,2.0,0.0
21.0,5.0,2.0,0.0
22.0,5.0,2.0,0.0
23.0,5.0,2.0,0.0
24.0,5.0,2.0,0.0
25.0,5.0,2.0,0.0
21.0,6.0,2.0,1.0353226434656675
22.0,6.0,2.0,0.06257173771594424
23.0,6.0,2.0,0.0
24.0,6.0,2.0,0.0
25.0,6.0,2.0,0.0
21.0,7.0,2.0,4.612964139909118
22.0,7.0,2.0,3.640144844226551
23.0,7.0,2.0,2.667332722172512
24.0,7.0,2.0,1.6944363157509694
25.0,7.0,2.0,0.7215837109862728
21.0,8.0,2.0,8.191034239840322
22.0,8.0,2.0,7.218247230239442
23.0,8.0,2.0,6.245463809447006
24.0,8.0,2.0,5.272500778573653
25.0,8.0,2.0,4.2995336266706214
21.0,9.0,2.0,11.770045496975444
22.0,9.0,2.0,10.79712527251322
23.0,9.0,2.0,9.824187161642437
24.0,9.0,2.0,8.85126902808156
25.0,9.0,2.0,7.878336591825281
21.0,10.0,2.0,15.349759170744903
22.0,10.0,2.0,14.376881020184404
23.0,10.0,2.0,13.404027625569098
24.0,10.0,2.0,12.430964104090968
25.0,10.0,2.0,11.458084569345909
21.0,11.0,2.0,18.930672334746053
22.0,11.0,2.0,17.95787429359012
23.0,11.0,2.0,16.98491981052151
24.0,11.0,2.0,16.011928868598357
25.0,11.0,2.0,15.038934561967777
21.0,12.0,2.0,22.513839188445615
22.0,12.0,2.0,21.539886902213233
23.0,12.0,2.0,20.56680938668516
24.0,12.0,2.0,19.59464692020902
25.0,12.0,2.0,18.621555224227187
21.0,13.0,2.0,26.097409863049165
22.0,13.0,2.0,25.123900332557547
23.0,13.0,2.0,24.151304569550252
24.0,13.0,2.0,23.177774453475468
25.0,13.0,2.0,22.20511627735259
21.0,14.0,2.0,29.68494135255892
22.0,14.0,2.0,28.711934514496683
23.0,14.0,2.0,27.73798816305229
24.0,14.0,2.0,26.76495343094183
25.0,14.0,2.0,25.792781349323008
21.0,15.0,2.0,33.272785633311
22.0,15.0,2.0,32.30029987704485
23.0,15.0,2.0,31.328722660818986
24.0,15.0,2.0,30.35429088092847
25.0,15.0,2.0,29.38262413908689
21.0,1.0,3.0,0.0
22.0,1.0,3.0,0.0
23.0,1.0,3.0,0.0
24.0,1.0,3.0,0.0
25.0,1.0,3.0,0.0
21.0,2.0,3.0,0.0
22.0,2.0,3.0,0.0
23.0,2.0,3.0,0.0
24.0,2.0,3.0,0.0
25.0,2.0,3.0,0.0
21.0,3.0,3.0,0.0
22.0,3.0,3.0,0.0
23.0,3.0,3.0,0.0
24.0,3.0,3.0,0.0
25.0,3.0,3.0,0.0
21.0,4.0,3.0,0.0
22.0,4.0,3.0,0.0
23.0,4.0,3.0,0.0
24.0,4.0,3.0,0.0
25.0,4.0,3.0,0.0
21.0,5.0,3.0,0.0
22.0,5.0,3.0,0.0
23.0,5.0,3.0,0.0
24.0,5.0,3.0,0.0
25.0,5.0,3.0,0.0
21.0,6.0,3.0,1.037429578180461
22.0,6.0,3.0,0.06380008015410273
23.0,6.0,3.0,0.0
24.0,6.0,3.0,0.0
25.0,6.0,3.0,0.0
21.0,7.0,3.0,4.618641872034231
22.0,7.0,3.0,3.644940203668248
23.0,7.0,3.0,2.671220085829609
24.0,7.0,3.0,1.697527042486227
25.0,7.0,3.0,0.7237132560076993
21.0,8.0,3.0,8.201303889238002
22.0,8.0,3.0,7.227504835876646
23.0,8.0,3.0,6.253692341597388
24.0,8.0,3.0,5.27986642528442
25.0,8.0,3.0,4.306027105786577
21.0,9.0,3.0,11.785413239559004
22.0,9.0,3.0,10.811563165190991
23.0,9.0,3.0,9.837674202051192
24.0,9.0,3.0,8.863751821623648
25.0,9.0,3.0,7.8898307283462366
21.0,10.0,3.0,15.37151199010665
22.0,10.0,3.0,14.397586554296952
23.0,10.0,3.0,13.423640515237711
24.0,10.0,3.0,12.449673901739686
25.0,10.0,3.0,11.475665441585923
21.0,11.0,3.0,18.959720605355066
22.0,11.0,3.0,17.985943681638354
23.0,11.0,3.0,17.011956268899745
24.0,11.0,3.0,16.03791483298799
25.0,11.0,3.0,15.063880894481255
21.0,12.0,3.0,22.55152355242464
22.0,12.0,3.0,21.576978588983824
23.0,12.0,3.0,20.603299808393412
24.0,12.0,3.0,19.62866500486245
25.0,12.0,3.0,18.65493765548885
21.0,13.0,3.0,26.147222710132635
22.0,13.0,3.0,25.173184712305126
23.0,13.0,3.0,24.198185416122165
24.0,13.0,3.0,23.224092149973224
25.0,13.0,3.0,22.250903651535552
21.0,14.0,3.0,29.746776216054354
22.0,14.0,3.0,28.773304300001122
23.0,14.0,3.0,27.798865382961296
24.0,14.0,3.0,26.825329779797926
25.0,14.0,3.0,25.852647939578148
21.0,15.0,3.0,33.35389091236285
22.0,15.0,3.0,32.38100234585204
23.0,15.0,3.0,31.40714105121218
24.0,15.0,3.0,30.43412335760001
25.0,15.0,3.0,29.46019272148938
21.0,1.0,4.0,0.0
22.0,1.0,4.0,0.0
23.0,1.0,4.0,0.0
24.0,1.0,4.0,0.0
25.0,1.0,4.0,0.0
21.0,2.0,4.0,0.0
22.0,2.0,4.0,0.0
23.0,2.0,4.0,0.0
24.0,2.0,4.0,0.0
25.0,2.0,4.0,0.0
21.0,3.0,4.0,0.0
22.0,3.0,4.0,0.0
23.0,3.0,4.0,0.0
24.0,3.0,4.0,0.0
25.0,3.0,4.0,0.0
21.0,4.0,4.0,0.0
22.0,4.0,4.0,0.0
23.0,4.0,4.0,0.0
24.0,4.0,4.0,0.0
25.0,4.0,4.0,0.0
21.0,5.0,4.0,0.0
22.0,5.0,4.0,0.0
23.0,5.0,4.0,0.0
24.0,5.0,4.0,0.0
25.0,5.0,4.0,0.0
21.0,6.0,4.0,1.0420423784187438
22.0,6.0,4.0,0.06737090384568734
23.0,6.0,4.0,0.0
24.0,6.0,4.0,0.0
25.0,6.0,4.0,0.0
21.0,7.0,4.0,4.628680842788652
22.0,7.0,4.0,3.653898270238952
23.0,7.0,4.0,2.6790935057996275
24.0,7.0,4.0,1.7041613916368836
25.0,7.0,4.0,0.7292395728931618
21.0,8.0,4.0,8.217497649575051
22.0,8.0,4.0,7.242700671854554
23.0,8.0,4.0,6.267670332178856
24.0,8.0,4.0,5.292796373218825
25.0,8.0,4.0,4.317704701675151
21.0,9.0,4.0,11.809273341862095
22.0,9.0,4.0,10.834283314333714
23.0,9.0,4.0,9.859424165699947
24.0,9.0,4.0,8.884343190256219
25.0,9.0,4.0,7.9092279318835015
21.0,10.0,4.0,15.404733096352855
22.0,10.0,4.0,14.429725557654677
23.0,10.0,4.0,13.454867628729748
24.0,10.0,4.0,12.47978386086043
25.0,10.0,4.0,11.504640525694953
21.0,11.0,4.0,19.00419450931392
22.0,11.0,4.0,18.02995933445436
23.0,11.0,4.0,17.055085542395187
24.0,11.0,4.0,16.0802037038777
25.0,11.0,4.0,15.105251591405564
21.0,12.0,4.0,22.61157361248019
22.0,12.0,4.0,21.636580798547136
23.0,12.0,4.0,20.662526503696395
24.0,12.0,4.0,19.687447652281282
25.0,12.0,4.0,18.71270327421042
21.0,13.0,4.0,26.226469233499206
22.0,13.0,4.0,25.25213453464786
23.0,13.0,4.0,24.278647125055873
24.0,13.0,4.0,23.304170130621742
25.0,13.0,4.0,22.330589195167956
21.0,14.0,4.0,29.856474890196015
22.0,14.0,4.0,28.88271534943493
23.0,14.0,4.0,27.909849768504092
24.0,14.0,4.0,26.93787691691873
25.0,14.0,4.0,25.964908307525064
21.0,15.0,4.0,33.50723869220645
22.0,15.0,4.0,32.5530420759142
23.0,15.0,4.0,31.6735061460716
24.0,15.0,4.0,30.794717015386013
25.0,15.0,4.0,29.914901499714574
21.0,1.0,5.0,0.0
22.0,1.0,5.0,0.0
23.0,1.0,5.0,0.0
24.0,1.0,5.0,0.0
25.0,1.0,5.0,0.0
21.0,2.0,5.0,0.0
22.0,2.0,5.0,0.0
23.0,2.0,5.0,0.0
24.0,2.0,5.0,0.0
25.0,2.0,5.0,0.0
21.0,3.0,5.0,0.0
22.0,3.0,5.0,0.0
23.0,3.0,5.0,0.0
24.0,3.0,5.0,0.0
25.0,3.0,5.0,0.0
21.0,4.0,5.0,0.0
22.0,4.0,5.0,0.0
23.0,4.0,5.0,0.0
24.0,4.0,5.0,0.0
25.0,4.0,5.0,0.0
21.0,5.0,5.0,0.0
22.0,5.0,5.0,0.0
23.0,5.0,5.0,0.0
24.0,5.0,5.0,0.0
25.0,5.0,5.0,0.0
21.0,6.0,5.0,1.0544124026329191
22.0,6.0,5.0,0.07874763881505276
23.0,6.0,5.0,0.0
24.0,6.0,5.0,0.0
25.0,6.0,5.0,0.0
21.0,7.0,5.0,4.649651568931547
22.0,7.0,5.0,3.673982659134165
23.0,7.0,5.0,2.698259917714113
24.0,7.0,5.0,1.722397869097385
25.0,7.0,5.0,0.7465489575692896
21.0,8.0,5.0,8.249328338441746
22.0,8.0,5.0,7.273886024864688
23.0,8.0,5.0,6.298190066632012
24.0,8.0,5.0,5.32244533960111
25.0,8.0,5.0,4.3468407644033835
21.0,9.0,5.0,11.85539757707373
22.0,9.0,5.0,10.88019698835117
23.0,9.0,5.0,9.904731612746879
24.0,9.0,5.0,8.929402725789787
25.0,9.0,5.0,7.954005943137303
21.0,10.0,5.0,15.470315821439415
22.0,10.0,5.0,14.495722993392409
23.0,10.0,5.0,13.520883188398102
24.0,10.0,5.0,12.546152038271128
25.0,10.0,5.0,11.571578777860925
21.0,11.0,5.0,19.098799742992163
22.0,11.0,5.0,18.124815930229243
23.0,11.0,5.0,17.15137645170786
24.0,11.0,5.0,16.17806463860282
25.0,11.0,5.0,15.204661718050305
21.0,12.0,5.0,22.902303938647947
22.0,12.0,5.0,22.022147749352484
23.0,12.0,5.0,21.14473759296951
24.0,12.0,5.0,20.26428367715562
25.0,12.0,5.0,19.386533381478174
21.0,13.0,5.0,27.331615850926088
22.0,13.0,5.0,26.451970746156
23.0,13.0,5.0,25.573074636874914
24.0,13.0,5.0,24.69497854804647
25.0,13.0,5.0,23.815777952893793
21.0,14.0,5.0,31.761371449525583
22.0,14.0,5.0,30.8821564247943
23.0,14.0,5.0,30.0037399726753
24.0,14.0,5.0,29.12415817450463
25.0,14.0,5.0,28.24543175514017
21.0,15.0,5.0,36.191339710813594
22.0,15.0,5.0,35.31263025463945
23.0,15.0,5.0,34.43280567070106
24.0,15.0,5.0,33.55371364059226
25.0,15.0,5.0,32.67542059126224
21.0,1.0,6.0,0.0
22.0,1.0,6.0,0.0
23.0,1.0,6.0,0.0
24.0,1.0,6.0,0.0
25.0,1.0,6.0,0.0
21.0,2.0,6.0,0.0
22.0,2.0,6.0,0.0
23.0,2.0,6.0,0.0
24.0,2.0,6.0,0.0
25.0,2.0,6.0,0.0
21.0,3.0,6.0,0.0
22.0,3.0,6.0,0.0
23.0,3.0,6.0,0.0
24.0,3.0,6.0,0.0
25.0,3.0,6.0,0.0
21.0,4.0,6.0,0.0
22.0,4.0,6.0,0.0
23.0,4.0,6.0,0.0
24.0,4.0,6.0,0.0
25.0,4.0,6.0,0.0
21.0,5.0,6.0,0.0
22.0,5.0,6.0,0.0
23.0,5.0,6.0,0.0
24.0,5.0,6.0,0.0
25.0,5.0,6.0,0.0
21.0,6.0,6.0,1.0925756221910192
22.0,6.0,6.0,0.11677184937480718
23.0,6.0,6.0,0.0
24.0,6.0,6.0,0.0
25.0,6.0,6.0,0.0
21.0,7.0,6.0,4.707676044109537
22.0,7.0,6.0,3.7324264682040904
23.0,7.0,6.0,2.757294065612274
24.0,7.0,6.0,1.782211423943595
25.0,7.0,6.0,0.8071594281295357
21.0,8.0,6.0,8.335531169133978
22.0,8.0,6.0,7.361694811645143
23.0,8.0,6.0,6.387801045220988
24.0,8.0,6.0,5.4140145623192835
25.0,8.0,6.0,4.440531558926657
21.0,9.0,6.0,12.372614025281953
22.0,9.0,6.0,11.493617314374054
23.0,9.0,6.0,10.614417233057056
24.0,9.0,6.0,9.735462276756273
25.0,9.0,6.0,8.856348017486471
21.0,10.0,6.0,16.802398699426398
22.0,10.0,6.0,15.923288595233897
23.0,10.0,6.0,15.04420710684789
24.0,10.0,6.0,14.16512707605418
25.0,10.0,6.0,13.286104397381356
21.0,11.0,6.0,21.23247428025023
22.0,11.0,6.0,20.353445595556597
23.0,11.0,6.0,19.473331837007965
24.0,11.0,6.0,18.594934354464797
25.0,11.0,6.0,17.71579820948387
21.0,12.0,6.0,25.66158781074579
22.0,12.0,6.0,24.78307838395799
23.0,12.0,6.0,23.903440935002855
24.0,12.0,6.0,23.024597468043268
25.0,12.0,6.0,22.146546908563195
21.0,13.0,6.0,30.090813663459777
22.0,13.0,6.0,29.212847184119482
23.0,13.0,6.0,28.333747063000448
24.0,13.0,6.0,27.453514830822257
25.0,13.0,6.0,26.57594610598848
21.0,14.0,6.0,34.52207109278096
22.0,14.0,6.0,33.64274062619306
23.0,14.0,6.0,32.76413676136144
24.0,14.0,6.0,31.884460010056
25.0,14.0,6.0,31.005512904201016
21.0,15.0,6.0,38.951378879971564
22.0,15.0,6.0,38.072634437050276
23.0,15.0,6.0,37.19267496559272
24.0,15.0,6.0,36.31350667191467
25.0,15.0,6.0,35.435128489465306
21.0,1.0,7.0,0.0
22.0,1.0,7.0,0.0
23.0,1.0,7.0,0.0
24.0,1.0,7.0,0.0
25.0,1.0,7.0,0.0
21.0,2.0,7.0,0.0
22.0,2.0,7.0,0.0
23.0,2.0,7.0,0.0
24.0,2.0,7.0,0.0
25.0,2.0,7.0,0.0
21.0,3.0,7.0,0.0
22.0,3.0,7.0,0.0
23.0,3.0,7.0,0.0
24.0,3.0,7.0,0.0
25.0,3.0,7.0,0.0
21.0,4.0,7.0,0.0
22.0,4.0,7.0,0.0
23.0,4.0,7.0,0.0
24.0,4.0,7.0,0.0
25.0,4.0,7.0,0.0
21.0,5.0,7.0,0.0
22.0,5.0,7.0,0.0
23.0,5.0,7.0,0.0
24.0,5.0,7.0,0.0
25.0,5.0,7.0,0.0
21.0,6.0,7.0,1.8432841852463369
22.0,6.0,7.0,0.9642076754993383
23.0,6.0,7.0,0.08512025040230868
24.0,6.0,7.0,0.0
25.0,6.0,7.0,0.0
21.0,7.0,7.0,6.273103979955671
22.0,7.0,7.0,5.3939246827103124
23.0,7.0,7.0,4.514960005237638
24.0,7.0,7.0,3.6358247105198327
25.0,7.0,7.0,2.756711415851908
21.0,8.0,7.0,10.702827912363672
22.0,8.0,7.0,9.823783531391152
23.0,8.0,7.0,8.944564873600816
24.0,8.0,7.0,8.065557716737768
25.0,8.0,7.0,7.186569091028204
21.0,9.0,7.0,15.132498535527239
22.0,9.0,7.0,14.253415088031876
23.0,9.0,7.0,13.374321056332045
24.0,9.0,7.0,12.495269795423477
25.0,9.0,7.0,11.616211323842442
21.0,10.0,7.0,19.562207743172202
22.0,10.0,7.0,18.68326472313025
23.0,10.0,7.0,17.80417783865139
24.0,10.0,7.0,16.92507009571691
25.0,10.0,7.0,16.04597763354736
21.0,11.0,7.0,23.99246017740303
22.0,11.0,7.0,23.113320010157143
23.0,11.0,7.0,22.233029272035402
24.0,11.0,7.0,21.355462811437867
25.0,11.0,7.0,20.474809615436733
21.0,12.0,7.0,28.422653441347446
22.0,12.0,7.0,27.542171341154454
23.0,12.0,7.0,26.664415686228853
24.0,12.0,7.0,25.785453543899667
25.0,12.0,7.0,24.905388218506687
21.0,13.0,7.0,32.85079034084057
22.0,13.0,7.0,31.972872444882565
23.0,13.0,7.0,31.09373208354631
24.0,13.0,7.0,30.213434711745613
25.0,13.0,7.0,29.335865367251714
21.0,14.0,7.0,37.28063339671456
22.0,14.0,7.0,36.401343654155106
23.0,14.0,7.0,35.52290692219802
24.0,14.0,7.0,34.643236533575106
25.0,14.0,7.0,33.764283991816605
21.0,15.0,7.0,41.71024288211788
22.0,15.0,7.0,40.831610562858366
23.0,15.0,7.0,39.953759298825666
24.0,15.0,7.0,39.07466333591194
25.0,15.0,7.0,38.1944782587525
21.0,1.0,8.0,0.0
22.0,1.0,8.0,0.0
23.0,1.0,8.0,0.0
24.0,1.0,8.0,0.0
25.0,1.0,8.0,0.0
21.0,2.0,8.0,0.0
22.0,2.0,8.0,0.0
23.0,2.0,8.0,0.0
24.0,2.0,8.0,0.0
25.0,2.0,8.0,0.0
21.0,3.0,8.0,0.0
22.0,3.0,8.0,0.0
23.0,3.0,8.0,0.0
24.0,3.0,8.0,0.0
25.0,3.0,8.0,0.0
21.0,4.0,8.0,0.0
22.0,4.0,8.0,0.0
23.0,4.0,8.0,0.0
24.0,4.0,8.0,0.0
25.0,4.0,8.0,0.0
21.0,5.0,8.0,0.17340032057626106
22.0,5.0,8.0,0.0
23.0,5.0,8.0,0.0
24.0,5.0,8.0,0.0
25.0,5.0,8.0,0.0
21.0,6.0,8.0,4.603212239471986
22.0,6.0,8.0,3.72405111488416
23.0,6.0,8.0,2.844898561531053
24.0,6.0,8.0,1.9659486590246533
25.0,6.0,8.0,1.0868325275680373
21.0,7.0,8.0,9.032903547292035
22.0,7.0,8.0,8.153930264819358
23.0,7.0,8.0,7.274753356164783
24.0,7.0,8.0,6.395597474496144
25.0,7.0,8.0,5.516630332140317
21.0,8.0,8.0,13.462674404776989
22.0,8.0,8.0,12.583497665572848
23.0,8.0,8.0,11.704543683874284
24.0,8.0,8.0,10.825375502535797
25.0,8.0,8.0,9.946407095902888
21.0,9.0,8.0,17.892482271719096
22.0,9.0,8.0,17.013333229248797
23.0,9.0,8.0,16.13418592674667
24.0,9.0,8.0,15.25523534687829
25.0,9.0,8.0,14.376091430709742
21.0,10.0,8.0,22.321253979303705
22.0,10.0,8.0,21.443523844705965
23.0,10.0,8.0,20.56461854058806
24.0,10.0,8.0,19.68453962978224
25.0,10.0,8.0,18.805789519914896
21.0,11.0,8.0,26.751896721228004
22.0,11.0,8.0,25.87286921251889
23.0,11.0,8.0,24.994570226054694
24.0,11.0,8.0,24.11514247101
25.0,11.0,8.0,23.23644638374739
21.0,12.0,8.0,31.18220939036015
22.0,12.0,8.0,30.301842107326866
23.0,12.0,8.0,29.42421427647591
24.0,12.0,8.0,28.54540468541879
25.0,12.0,8.0,27.665414902906733
21.0,13.0,8.0,34.724172951014495
22.0,13.0,8.0,34.37503681567032
23.0,13.0,8.0,33.85349712179526
24.0,13.0,8.0,32.97341410590413
25.0,13.0,8.0,32.09600564739102
21.0,14.0,8.0,37.7947581930285
22.0,14.0,8.0,37.451673673902015
23.0,14.0,8.0,37.11471517276761
24.0,14.0,8.0,36.78598584202243
25.0,14.0,8.0,36.45943801600956
21.0,15.0,8.0,40.785846720088905
22.0,15.0,8.0,40.45077035487728
23.0,15.0,8.0,40.12189528266043
24.0,15.0,8.0,39.80118102876618
25.0,15.0,8.0,39.486649948369966
21.0,1.0,9.0,0.0
22.0,1.0,9.0,0.0
23.0,1.0,9.0,0.0
24.0,1.0,9.0,0.0
25.0,1.0,9.0,0.0
21.0,2.0,9.0,0.0
22.0,2.0,9.0,0.0
23.0,2.0,9.0,0.0
24.0,2.0,9.0,0.0
25.0,2.0,9.0,0.0
21.0,3.0,9.0,0.0
22.0,3.0,9.0,0.0
23.0,3.0,9.0,0.0
24.0,3.0,9.0,0.0
25.0,3.0,9.0,0.0
21.0,4.0,9.0,0.0
22.0,4.0,9.0,0.0
23.0,4.0,9.0,0.0
24.0,4.0,9.0,0.0
25.0,4.0,9.0,0.0
21.0,5.0,9.0,2.9332627845223747
22.0,5.0,9.0,2.0542162656632277
23.0,5.0,9.0,1.1751253580609982
24.0,5.0,9.0,0.29604883328147047
25.0,5.0,9.0,0.0
21.0,6.0,9.0,7.36295656611254
22.0,6.0,9.0,6.483957350387946
23.0,6.0,9.0,5.604938416859328
24.0,6.0,9.0,4.725718217045906
25.0,6.0,9.0,3.8466963942854004
21.0,7.0,9.0,11.792710589733812
22.0,7.0,9.0,10.91378138250007
23.0,7.0,9.0,10.034623821896474
24.0,7.0,9.0,9.155457664915629
25.0,7.0,9.0,8.276479141035678
21.0,8.0,9.0,16.22247858132796
22.0,8.0,9.0,15.343413513002957
23.0,8.0,9.0,14.464336291540786
24.0,8.0,9.0,13.5852469329978
25.0,8.0,9.0,12.706316999597142
21.0,9.0,9.0,20.652602523659304
22.0,9.0,9.0,19.77245808723688
23.0,9.0,9.0,18.894231621579564
24.0,9.0,9.0,18.015007748030502
25.0,9.0,9.0,17.13600239325794
21.0,10.0,9.0,24.38812483339422
22.0,10.0,9.0,24.02014771305299
23.0,10.0,9.0,23.32307449494949
24.0,10.0,9.0,22.4451442803533
25.0,10.0,9.0,21.56601475185581
21.0,11.0,9.0,27.51981521618757
22.0,11.0,9.0,27.155886410987286
23.0,11.0,9.0,26.7982043642169
24.0,11.0,9.0,26.446760859346917
25.0,11.0,9.0,25.994894987967882
21.0,12.0,9.0,30.5915299924145
22.0,12.0,9.0,30.231701812595524
23.0,12.0,9.0,29.880044483668872
24.0,12.0,9.0,29.534688226277012
25.0,12.0,9.0,29.193530210736718
21.0,13.0,9.0,33.592976735237116
22.0,13.0,9.0,33.23928917685919
23.0,13.0,9.0,32.89179023135432
24.0,13.0,9.0,32.552519239721484
25.0,13.0,9.0,32.21948534361906
21.0,14.0,9.0,36.51392439764242
22.0,14.0,9.0,36.16438682570286
23.0,14.0,9.0,35.82309357986809
24.0,14.0,9.0,35.49201776783181
25.0,14.0,9.0,35.165196905668914
21.0,15.0,9.0,39.33408005284068
22.0,15.0,9.0,38.99280518313176
23.0,15.0,9.0,38.65977844522055
24.0,15.0,9.0,38.33689978760225
25.0,15.0,9.0,38.020261319786066
21.0,1.0,10.0,0.0
22.0,1.0,10.0,0.0
23.0,1.0,10.0,0.0
24.0,1.0,10.0,0.0
25.0,1.0,10.0,0.0
21.0,2.0,10.0,0.0
22.0,2.0,10.0,0.0
23.0,2.0,10.0,0.0
24.0,2.0,10.0,0.0
25.0,2.0,10.0,0.0
21.0,3.0,10.0,0.0
22.0,3.0,10.0,0.0
23.0,3.0,10.0,0.0
24.0,3.0,10.0,0.0
25.0,3.0,10.0,0.0
21.0,4.0,10.0,1.2634087258228002
22.0,4.0,10.0,0.38431533647095073
23.0,4.0,10.0,0.0
24.0,4.0,10.0,0.0
25.0,4.0,10.0,0.0
21.0,5.0,10.0,5.69314032987365
22.0,5.0,10.0,4.814000913825468
23.0,5.0,10.0,3.9350401056567073
24.0,5.0,10.0,3.0558624219631585
25.0,5.0,10.0,2.176863223061318
21.0,6.0,10.0,10.122972343609105
22.0,6.0,10.0,9.243749083806453
23.0,6.0,10.0,8.364701293198186
24.0,6.0,10.0,7.485616003198422
25.0,6.0,10.0,6.606524620650088
21.0,7.0,10.0,14.034352993481903
22.0,7.0,10.0,13.653858362695617
23.0,7.0,10.0,12.794560046324483
24.0,7.0,10.0,11.915423329349101
25.0,7.0,10.0,11.036436765667414
21.0,8.0,10.0,17.21300884762251
22.0,8.0,10.0,16.833965173299
23.0,8.0,10.0,16.460779484898076
24.0,8.0,10.0,16.093081241612605
25.0,8.0,10.0,15.466155506873669
21.0,9.0,10.0,20.345596432552956
22.0,9.0,10.0,19.96859945198283
23.0,9.0,10.0,19.5969034804021
24.0,9.0,10.0,19.23229093974476
25.0,9.0,10.0,18.873125237233133
21.0,10.0,10.0,23.422500194390004
22.0,10.0,10.0,23.047627778320283
23.0,10.0,10.0,22.679011804639785
24.0,10.0,10.0,22.318681865697645
25.0,10.0,10.0,21.962646583499854
21.0,11.0,10.0,26.436591117385255
22.0,11.0,10.0,26.063891361533454
23.0,11.0,10.0,25.699442999186044
24.0,11.0,10.0,25.343287987014286
25.0,11.0,10.0,24.99142900424962
21.0,12.0,10.0,29.375593660950855
22.0,12.0,10.0,29.00705987703181
23.0,12.0,10.0,28.646837519405246
24.0,12.0,10.0,28.294915782284118
25.0,12.0,10.0,27.95122808138235
21.0,13.0,10.0,32.227119886408005
22.0,13.0,10.0,31.864869571832077
23.0,13.0,10.0,31.5109361837511
24.0,13.0,10.0,31.163246529861194
25.0,13.0,10.0,30.825854613282367
21.0,14.0,10.0,34.97469859944764
22.0,14.0,10.0,34.6208129846593
23.0,14.0,10.0,34.27317542383071
24.0,14.0,10.0,33.93585398488891
25.0,14.0,10.0,33.606765801787155
21.0,15.0,10.0,37.4450887718967
22.0,15.0,10.0,37.196023001060105
23.0,15.0,10.0,36.92100826844344
24.0,15.0,10.0,36.5961544248187
25.0,15.0,10.0,36.2775234554682
