Ni,Ti,Al,T_Ni3Ti
15.0,1.0,0.0,894.8367
16.0,1.0,0.0,894.8367
17.0,1.0,0.0,894.8367
18.0,1.0,0.0,904.15
19.0,1.0,0.0,914.15
20.0,1.0,0.0,917.15
15.0,2.0,0.0,894.8367
16.0,2.0,0.0,894.8367
17.0,2.0,0.0,894.8367
18.0,2.0,0.0,906.15
19.0,2.0,0.0,921.15
20.0,2.0,0.0,935.15
15.0,3.0,0.0,894.8367
16.0,3.0,0.0,894.8367
17.0,3.0,0.0,894.8367
18.0,3.0,0.0,909.15
19.0,3.0,0.0,924.15
20.0,3.0,0.0,939.15
15.0,4.0,0.0,894.8367
16.0,4.0,0.0,894.8367
17.0,4.0,0.0,895.15
18.0,4.0,0.0,911.15
19.0,4.0,0.0,927.15
20.0,4.0,0.0,942.15
15.0,5.0,0.0,894.8367
16.0,5.0,0.0,894.8367
17.0,5.0,0.0,897.15
18.0,5.0,0.0,914.15
19.0,5.0,0.0,930.15
20.0,5.0,0.0,945.15
15.0,6.0,0.0,894.8367
16.0,6.0,0.0,894.8367
17.0,6.0,0.0,900.15
18.0,6.0,0.0,917.15
19.0,6.0,0.0,934.15
20.0,6.0,0.0,949.15
15.0,7.0,0.0,894.8367
16.0,7.0,0.0,894.8367
17.0,7.0,0.0,903.15
18.0,7.0,0.0,920.15
19.0,7.0,0.0,937.15
20.0,7.0,0.0,953.15
15.0,8.0,0.0,894.8367
16.0,8.0,0.0,894.8367
17.0,8.0,0.0,906.15
18.0,8.0,0.0,924.15
19.0,8.0,0.0,941.15
20.0,8.0,0.0,957.15
15.0,9.0,0.0,894.8367
16.0,9.0,0.0,894.8367
17.0,9.0,0.0,909.15
18.0,9.0,0.0,927.15
19.0,9.0,0.0,945.15
20.0,9.0,0.0,961.15
15.0,10.0,0.0,894.8367
16.0,10.0,0.0,894.8367
17.0,10.0,0.0,912.15
18.0,10.0,0.0,931.15
19.0,10.0,0.0,949.15
20.0,10.0,0.0,966.15
15.0,11.0,0.0,894.8367
16.0,11.0,0.0,894.8367
17.0,11.0,0.0,915.15
18.0,11.0,0.0,935.15
19.0,11.0,0.0,954.15
20.0,11.0,0.0,971.15
15.0,12.0,0.0,894.8367
16.0,12.0,0.0,897.15
17.0,12.0,0.0,919.15
18.0,12.0,0.0,940.15
19.0,12.0,0.0,959.15
20.0,12.0,0.0,977.15
15.0,13.0,0.0,894.8367
16.0,13.0,0.0,901.15
17.0,13.0,0.0,923.15
18.0,13.0,0.0,944.15
19.0,13.0,0.0,964.15
20.0,13.0,0.0,982.15
15.0,14.0,0.0,894.8367
16.0,14.0,0.0,904.15
17.0,14.0,0.0,928.15
18.0,14.0,0.0,950.15
19.0,14.0,0.0,970.15
20.0,14.0,0.0,989.15
15.0,15.0,0.0,894.8367
16.0,15.0,0.0,908.15
17.0,15.0,0.0,933.15
18.0,15.0,0.0,955.15
19.0,15.0,0.0,976.15
20.0,15.0,0.0,996.15
15.0,1.0,1.0,893.5545
16.0,1.0,1.0,893.606
17.0,1.0,1.0,893.6545
18.0,1.0,1.0,893.7002
19.0,1.0,1.0,893.15
20.0,1.0,1.0,891.15
15.0,2.0,1.0,893.15
16.0,2.0,1.0,893.15
17.0,2.0,1.0,893.202
18.0,2.0,1.0,893.2721
19.0,2.0,1.0,893.3376
20.0,2.0,1.0,893.3989
15.0,3.0,1.0,893.15
16.0,3.0,1.0,893.15
17.0,3.0,1.0,893.15
18.0,3.0,1.0,893.15
19.0,3.0,1.0,893.15
20.0,3.0,1.0,893.15
15.0,4.0,1.0,892.15
16.0,4.0,1.0,892.15
17.0,4.0,1.0,892.15
18.0,4.0,1.0,892.15
19.0,4.0,1.0,893.15
20.0,4.0,1.0,893.15
15.0,5.0,1.0,892.15
16.0,5.0,1.0,892.15
17.0,5.0,1.0,892.15
18.0,5.0,1.0,892.15
19.0,5.0,1.0,892.15
20.0,5.0,1.0,892.15
15.0,6.0,1.0,892.15
16.0,6.0,1.0,892.15
17.0,6.0,1.0,892.15
18.0,6.0,1.0,892.15
19.0,6.0,1.0,892.15
20.0,6.0,1.0,892.15
15.0,7.0,1.0,891.15
16.0,7.0,1.0,891.15
17.0,7.0,1.0,892.15
18.0,7.0,1.0,892.15
19.0,7.0,1.0,892.15
20.0,7.0,1.0,892.15
15.0,8.0,1.0,891.15
16.0,8.0,1.0,891.15
17.0,8.0,1.0,891.15
18.0,8.0,1.0,891.15
19.0,8.0,1.0,891.15
20.0,8.0,1.0,894.15
15.0,9.0,1.0,890.15
16.0,9.0,1.0,891.15
17.0,9.0,1.0,891.15
18.0,9.0,1.0,891.15
19.0,9.0,1.0,891.15
20.0,9.0,1.0,896.15
15.0,10.0,1.0,890.15
16.0,10.0,1.0,890.15
17.0,10.0,1.0,890.15
18.0,10.0,1.0,890.15
19.0,10.0,1.0,891.15
20.0,10.0,1.0,898.15
15.0,11.0,1.0,889.15
16.0,11.0,1.0,890.15
17.0,11.0,1.0,890.15
18.0,11.0,1.0,890.15
19.0,11.0,1.0,890.15
20.0,11.0,1.0,900.15
15.0,12.0,1.0,888.15
16.0,12.0,1.0,889.15
17.0,12.0,1.0,889.15
18.0,12.0,1.0,889.15
19.0,12.0,1.0,890.15
20.0,12.0,1.0,902.15
15.0,13.0,1.0,888.15
16.0,13.0,1.0,888.15
17.0,13.0,1.0,888.15
18.0,13.0,1.0,889.15
19.0,13.0,1.0,889.15
20.0,13.0,1.0,905.15
15.0,14.0,1.0,886.15
16.0,14.0,1.0,887.15
17.0,14.0,1.0,887.15
18.0,14.0,1.0,888.15
19.0,14.0,1.0,888.15
20.0,14.0,1.0,907.15
15.0,15.0,1.0,885.15
16.0,15.0,1.0,886.15
17.0,15.0,1.0,886.15
18.0,15.0,1.0,887.15
19.0,15.0,1.0,888.15
20.0,15.0,1.0,910.15
15.0,1.0,2.0,884.7887
16.0,1.0,2.0,885.2333
17.0,1.0,2.0,883.15
18.0,1.0,2.0,881.15
19.0,1.0,2.0,879.15
20.0,1.0,2.0,876.15
15.0,2.0,2.0,883.15
16.0,2.0,2.0,884.15
17.0,2.0,2.0,884.15
18.0,2.0,2.0,885.15
19.0,2.0,2.0,885.15
20.0,2.0,2.0,885.15
15.0,3.0,2.0,882.15
16.0,3.0,2.0,883.15
17.0,3.0,2.0,883.15
18.0,3.0,2.0,884.15
19.0,3.0,2.0,884.15
20.0,3.0,2.0,884.15
15.0,4.0,2.0,881.15
16.0,4.0,2.0,882.15
17.0,4.0,2.0,882.15
18.0,4.0,2.0,883.15
19.0,4.0,2.0,883.15
20.0,4.0,2.0,884.15
15.0,5.0,2.0,880.15
16.0,5.0,2.0,880.15
17.0,5.0,2.0,881.15
18.0,5.0,2.0,882.15
19.0,5.0,2.0,882.15
20.0,5.0,2.0,883.15
15.0,6.0,2.0,878.15
16.0,6.0,2.0,879.15
17.0,6.0,2.0,880.15
18.0,6.0,2.0,880.15
19.0,6.0,2.0,881.15
20.0,6.0,2.0,881.15
15.0,7.0,2.0,877.15
16.0,7.0,2.0,878.15
17.0,7.0,2.0,878.15
18.0,7.0,2.0,879.15
19.0,7.0,2.0,880.15
20.0,7.0,2.0,880.15
15.0,8.0,2.0,875.15
16.0,8.0,2.0,876.15
17.0,8.0,2.0,877.15
18.0,8.0,2.0,877.15
19.0,8.0,2.0,878.15
20.0,8.0,2.0,879.15
15.0,9.0,2.0,873.15
16.0,9.0,2.0,874.15
17.0,9.0,2.0,875.15
18.0,9.0,2.0,876.15
19.0,9.0,2.0,877.15
20.0,9.0,2.0,877.15
15.0,10.0,2.0,870.15
16.0,10.0,2.0,871.15
17.0,10.0,2.0,872.15
18.0,10.0,2.0,874.15
19.0,10.0,2.0,875.15
20.0,10.0,2.0,876.15
15.0,11.0,2.0,867.15
16.0,11.0,2.0,868.15
17.0,11.0,2.0,870.15
18.0,11.0,2.0,871.15
19.0,11.0,2.0,872.15
20.0,11.0,2.0,873.15
15.0,12.0,2.0,863.15
16.0,12.0,2.0,865.15
17.0,12.0,2.0,867.15
18.0,12.0,2.0,868.15
19.0,12.0,2.0,870.15
20.0,12.0,2.0,871.15
15.0,13.0,2.0,859.15
16.0,13.0,2.0,861.15
17.0,13.0,2.0,863.15
18.0,13.0,2.0,865.15
19.0,13.0,2.0,867.15
20.0,13.0,2.0,868.15
15.0,14.0,2.0,854.15
16.0,14.0,2.0,857.15
17.0,14.0,2.0,859.15
18.0,14.0,2.0,861.15
19.0,14.0,2.0,863.15
20.0,14.0,2.0,865.15
15.0,15.0,2.0,848.15
16.0,15.0,2.0,851.15
17.0,15.0,2.0,854.15
18.0,15.0,2.0,857.15
19.0,15.0,2.0,859.15
20.0,15.0,2.0,861.15
15.0,1.0,3.0,867.15
16.0,1.0,3.0,864.15
17.0,1.0,3.0,862.15
18.0,1.0,3.0,859.15
19.0,1.0,3.0,856.15
20.0,1.0,3.0,854.15
15.0,2.0,3.0,866.15
16.0,2.0,3.0,867.15
17.0,2.0,3.0,868.15
18.0,2.0,3.0,869.15
19.0,2.0,3.0,870.15
20.0,2.0,3.0,871.15
15.0,3.0,3.0,863.15
16.0,3.0,3.0,864.15
17.0,3.0,3.0,865.15
18.0,3.0,3.0,1217.15
19.0,3.0,3.0,1201.15
20.0,3.0,3.0,869.15
15.0,4.0,3.0,860.15
16.0,4.0,3.0,752.15
17.0,4.0,3.0,810.15
18.0,4.0,3.0,842.15
19.0,4.0,3.0,845.55
20.0,4.0,3.0,866.15
15.0,5.0,3.0,857.15
16.0,5.0,3.0,859.15
17.0,5.0,3.0,860.15
18.0,5.0,3.0,862.15
19.0,5.0,3.0,863.15
20.0,5.0,3.0,864.15
15.0,6.0,3.0,853.15
16.0,6.0,3.0,855.15
17.0,6.0,3.0,857.15
18.0,6.0,3.0,859.15
19.0,6.0,3.0,860.15
20.0,6.0,3.0,861.15
15.0,7.0,3.0,849.15
16.0,7.0,3.0,851.15
17.0,7.0,3.0,853.15
18.0,7.0,3.0,855.15
19.0,7.0,3.0,857.15
20.0,7.0,3.0,858.15
15.0,8.0,3.0,845.15
16.0,8.0,3.0,847.15
17.0,8.0,3.0,849.15
18.0,8.0,3.0,851.15
19.0,8.0,3.0,853.15
20.0,8.0,3.0,855.15
15.0,9.0,3.0,839.15
16.0,9.0,3.0,842.15
17.0,9.0,3.0,844.15
18.0,9.0,3.0,847.15
19.0,9.0,3.0,849.15
20.0,9.0,3.0,851.15
15.0,10.0,3.0,833.15
16.0,10.0,3.0,836.15
17.0,10.0,3.0,839.15
18.0,10.0,3.0,842.15
19.0,10.0,3.0,844.15
20.0,10.0,3.0,847.15
15.0,11.0,3.0,826.15
16.0,11.0,3.0,829.15
17.0,11.0,3.0,833.15
18.0,11.0,3.0,836.15
19.0,11.0,3.0,839.15
20.0,11.0,3.0,841.15
15.0,12.0,3.0,817.15
16.0,12.0,3.0,821.15
17.0,12.0,3.0,825.15
18.0,12.0,3.0,829.15
19.0,12.0,3.0,832.15
20.0,12.0,3.0,835.15
15.0,13.0,3.0,807.15
16.0,13.0,3.0,812.15
17.0,13.0,3.0,817.15
18.0,13.0,3.0,821.15
19.0,13.0,3.0,825.15
20.0,13.0,3.0,828.15
15.0,14.0,3.0,795.15
16.0,14.0,3.0,801.15
17.0,14.0,3.0,806.15
18.0,14.0,3.0,811.15
19.0,14.0,3.0,816.15
20.0,14.0,3.0,820.15
15.0,15.0,3.0,780.15
16.0,15.0,3.0,787.15
17.0,15.0,3.0,794.15
18.0,15.0,3.0,800.15
19.0,15.0,3.0,805.15
20.0,15.0,3.0,811.15
19.0,1.0,4.0,822.15
20.0,1.0,4.0,819.15
15.0,2.0,4.0,1097.55
16.0,2.0,4.0,1093.55
17.0,2.0,4.0,838.15
18.0,2.0,4.0,1065.15
19.0,2.0,4.0,1049.95
20.0,2.0,4.0,1034.72
15.0,3.0,4.0,834.15
16.0,3.0,4.0,836.15
17.0,3.0,4.0,838.15
18.0,3.0,4.0,840.15
19.0,3.0,4.0,1185.15
20.0,3.0,4.0,1170.55
15.0,4.0,4.0,829.15
16.0,4.0,4.0,831.15
17.0,4.0,4.0,834.15
18.0,4.0,4.0,836.15
19.0,4.0,4.0,838.15
20.0,4.0,4.0,840.15
15.0,5.0,4.0,823.15
16.0,5.0,4.0,825.15
17.0,5.0,4.0,828.15
18.0,5.0,4.0,831.15
19.0,5.0,4.0,833.15
20.0,5.0,4.0,836.15
15.0,6.0,4.0,816.15
16.0,6.0,4.0,819.15
17.0,6.0,4.0,822.15
18.0,6.0,4.0,825.15
19.0,6.0,4.0,828.15
20.0,6.0,4.0,831.15
15.0,7.0,4.0,808.15
16.0,7.0,4.0,812.15
17.0,7.0,4.0,815.15
18.0,7.0,4.0,819.15
19.0,7.0,4.0,822.15
20.0,7.0,4.0,825.15
15.0,8.0,4.0,799.15
16.0,8.0,4.0,803.15
17.0,8.0,4.0,807.15
18.0,8.0,4.0,811.15
19.0,8.0,4.0,815.15
20.0,8.0,4.0,818.15
15.0,9.0,4.0,789.15
16.0,9.0,4.0,794.15
17.0,9.0,4.0,798.15
18.0,9.0,4.0,803.15
19.0,9.0,4.0,807.15
20.0,9.0,4.0,811.15
15.0,10.0,4.0,777.15
16.0,10.0,4.0,783.15
17.0,10.0,4.0,788.15
18.0,10.0,4.0,793.15
19.0,10.0,4.0,798.15
20.0,10.0,4.0,802.15
15.0,11.0,4.0,763.15
16.0,11.0,4.0,769.15
17.0,11.0,4.0,776.15
18.0,11.0,4.0,782.15
19.0,11.0,4.0,787.15
20.0,11.0,4.0,792.15
15.0,12.0,4.0,746.15
16.0,12.0,4.0,754.15
17.0,12.0,4.0,762.15
18.0,12.0,4.0,768.15
19.0,12.0,4.0,775.15
20.0,12.0,4.0,781.15
15.0,13.0,4.0,726.15
16.0,13.0,4.0,736.15
17.0,13.0,4.0,745.15
18.0,13.0,4.0,753.15
19.0,13.0,4.0,760.15
20.0,13.0,4.0,767.15
15.0,14.0,4.0,702.15
16.0,14.0,4.0,714.15
17.0,14.0,4.0,724.15
18.0,14.0,4.0,734.15
19.0,14.0,4.0,743.15
20.0,14.0,4.0,751.15
15.0,15.0,4.0,672.15
16.0,15.0,4.0,686.15
17.0,15.0,4.0,700.15
18.0,15.0,4.0,712.15
19.0,15.0,4.0,723.15
20.0,15.0,4.0,733.15
15.0,1.0,5.0,788.15
16.0,1.0,5.0,783.15
17.0,1.0,5.0,778.15
15.0,2.0,5.0,802.15
16.0,2.0,5.0,805.15
17.0,2.0,5.0,808.15
18.0,2.0,5.0,811.15
19.0,2.0,5.0,814.15
20.0,2.0,5.0,817.15
15.0,3.0,5.0,794.15
16.0,3.0,5.0,797.15
17.0,3.0,5.0,801.15
18.0,3.0,5.0,804.15
19.0,3.0,5.0,808.15
20.0,3.0,5.0,811.15
15.0,4.0,5.0,785.15
16.0,4.0,5.0,789.15
17.0,4.0,5.0,793.15
18.0,4.0,5.0,797.15
19.0,4.0,5.0,800.15
20.0,4.0,5.0,804.15
15.0,5.0,5.0,775.15
16.0,5.0,5.0,779.15
17.0,5.0,5.0,784.15
18.0,5.0,5.0,788.15
19.0,5.0,5.0,792.15
20.0,5.0,5.0,796.15
15.0,6.0,5.0,763.15
16.0,6.0,5.0,769.15
17.0,6.0,5.0,774.15
18.0,6.0,5.0,779.15
19.0,6.0,5.0,783.15
20.0,6.0,5.0,788.15
15.0,7.0,5.0,750.15
16.0,7.0,5.0,756.15
17.0,7.0,5.0,762.15
18.0,7.0,5.0,768.15
19.0,7.0,5.0,773.15
20.0,7.0,5.0,778.15
15.0,8.0,5.0,734.15
16.0,8.0,5.0,742.15
17.0,8.0,5.0,749.15
18.0,8.0,5.0,755.15
19.0,8.0,5.0,761.15
20.0,8.0,5.0,767.15
15.0,9.0,5.0,716.15
16.0,9.0,5.0,725.15
17.0,9.0,5.0,733.15
18.0,9.0,5.0,741.15
19.0,9.0,5.0,748.15
20.0,9.0,5.0,754.15
15.0,10.0,5.0,695.15
16.0,10.0,5.0,705.15
17.0,10.0,5.0,715.15
18.0,10.0,5.0,724.15
19.0,10.0,5.0,732.15
20.0,10.0,5.0,739.15
15.0,11.0,5.0,670.15
16.0,11.0,5.0,682.15
17.0,11.0,5.0,693.15
18.0,11.0,5.0,704.15
19.0,11.0,5.0,714.15
20.0,11.0,5.0,722.15
15.0,12.0,5.0,639.15
16.0,12.0,5.0,654.15
17.0,12.0,5.0,668.15
18.0,12.0,5.0,680.15
19.0,12.0,5.0,692.15
20.0,12.0,5.0,702.15
15.0,13.0,5.0,603.15
16.0,13.0,5.0,621.15
17.0,13.0,5.0,637.15
18.0,13.0,5.0,652.15
19.0,13.0,5.0,666.15
20.0,13.0,5.0,679.15
15.0,14.0,5.0,560.15
16.0,14.0,5.0,581.15
17.0,14.0,5.0,600.15
18.0,14.0,5.0,618.15
19.0,14.0,5.0,635.15
20.0,14.0,5.0,650.15
15.0,15.0,5.0,509.15
16.0,15.0,5.0,534.15
17.0,15.0,5.0,556.15
18.0,15.0,5.0,578.15
19.0,15.0,5.0,597.15
20.0,15.0,5.0,616.15
15.0,1.0,6.0,709.15
16.0,1.0,6.0,700.15
17.0,1.0,6.0,693.15
18.0,1.0,6.0,687.15
19.0,1.0,6.0,683.15
20.0,1.0,6.0,681.15
15.0,2.0,6.0,752.15
16.0,2.0,6.0,758.15
17.0,2.0,6.0,763.15
18.0,2.0,6.0,767.15
19.0,2.0,6.0,772.15
20.0,2.0,6.0,776.15
15.0,3.0,6.0,740.15
16.0,3.0,6.0,746.15
17.0,3.0,6.0,751.15
18.0,3.0,6.0,757.15
19.0,3.0,6.0,762.15
20.0,3.0,6.0,766.15
15.0,4.0,6.0,726.15
16.0,4.0,6.0,732.15
17.0,4.0,6.0,739.15
18.0,4.0,6.0,745.15
19.0,4.0,6.0,750.15
20.0,4.0,6.0,756.15
15.0,5.0,6.0,709.15
16.0,5.0,6.0,717.15
17.0,5.0,6.0,724.15
18.0,5.0,6.0,731.15
19.0,5.0,6.0,738.15
20.0,5.0,6.0,744.15
15.0,6.0,6.0,690.15
16.0,6.0,6.0,699.15
17.0,6.0,6.0,708.15
18.0,6.0,6.0,716.15
19.0,6.0,6.0,723.15
20.0,6.0,6.0,730.15
15.0,7.0,6.0,668.15
16.0,7.0,6.0,679.15
17.0,7.0,6.0,689.15
18.0,7.0,6.0,698.15
19.0,7.0,6.0,707.15
20.0,7.0,6.0,715.15
15.0,8.0,6.0,643.15
16.0,8.0,6.0,655.15
17.0,8.0,6.0,667.15
18.0,8.0,6.0,677.15
19.0,8.0,6.0,687.15
20.0,8.0,6.0,697.15
15.0,9.0,6.0,613.15
16.0,9.0,6.0,627.15
17.0,9.0,6.0,641.15
18.0,9.0,6.0,653.15
19.0,9.0,6.0,665.15
20.0,9.0,6.0,676.15
15.0,10.0,6.0,578.15
16.0,10.0,6.0,595.15
17.0,10.0,6.0,611.15
18.0,10.0,6.0,625.15
19.0,10.0,6.0,639.15
20.0,10.0,6.0,652.15
15.0,11.0,6.0,538.15
16.0,11.0,6.0,557.15
17.0,11.0,6.0,575.15
18.0,11.0,6.0,592.15
19.0,11.0,6.0,608.15
20.0,11.0,6.0,623.15
15.0,12.0,6.0,491.15
16.0,12.0,6.0,513.15
17.0,12.0,6.0,534.15
18.0,12.0,6.0,553.15
19.0,12.0,6.0,572.15
20.0,12.0,6.0,589.15
15.0,13.0,6.0,438.15
16.0,13.0,6.0,463.15
17.0,13.0,6.0,486.15
18.0,13.0,6.0,508.15
19.0,13.0,6.0,530.15
20.0,13.0,6.0,550.15
15.0,14.0,6.0,379.15
16.0,14.0,6.0,406.15
17.0,14.0,6.0,431.15
18.0,14.0,6.0,456.15
19.0,14.0,6.0,480.15
20.0,14.0,6.0,503.15
15.0,15.0,6.0,314.15
16.0,15.0,6.0,342.15
17.0,15.0,6.0,370.15
18.0,15.0,6.0,397.15
19.0,15.0,6.0,424.15
20.0,15.0,6.0,449.15
15.0,1.0,7.0,555.15
16.0,1.0,7.0,542.15
17.0,1.0,7.0,532.15
18.0,1.0,7.0,526.15
19.0,1.0,7.0,523.15
20.0,1.0,7.0,522.15
15.0,2.0,7.0,687.15
16.0,2.0,7.0,695.15
17.0,2.0,7.0,703.15
18.0,2.0,7.0,710.15
19.0,2.0,7.0,717.15
20.0,2.0,7.0,723.15
15.0,3.0,7.0,667.15
16.0,3.0,7.0,677.15
17.0,3.0,7.0,685.15
18.0,3.0,7.0,694.15
19.0,3.0,7.0,701.15
20.0,3.0,7.0,709.15
15.0,4.0,7.0,645.15
16.0,4.0,7.0,656.15
17.0,4.0,7.0,666.15
18.0,4.0,7.0,675.15
19.0,4.0,7.0,684.15
20.0,4.0,7.0,692.15
15.0,5.0,7.0,620.15
16.0,5.0,7.0,632.15
17.0,5.0,7.0,643.15
18.0,5.0,7.0,654.15
19.0,5.0,7.0,664.15
20.0,5.0,7.0,674.15
15.0,6.0,7.0,591.15
16.0,6.0,7.0,605.15
17.0,6.0,7.0,618.15
18.0,6.0,7.0,630.15
19.0,6.0,7.0,642.15
20.0,6.0,7.0,653.15
15.0,7.0,7.0,557.15
16.0,7.0,7.0,573.15
17.0,7.0,7.0,588.15
18.0,7.0,7.0,602.15
19.0,7.0,7.0,616.15
20.0,7.0,7.0,628.15
15.0,8.0,7.0,520.15
16.0,8.0,7.0,537.15
17.0,8.0,7.0,554.15
18.0,8.0,7.0,571.15
19.0,8.0,7.0,586.15
20.0,8.0,7.0,600.15
15.0,9.0,7.0,477.15
16.0,9.0,7.0,497.15
17.0,9.0,7.0,516.15
18.0,9.0,7.0,534.15
19.0,9.0,7.0,551.15
20.0,9.0,7.0,568.15
15.0,10.0,7.0,429.15
16.0,10.0,7.0,451.15
17.0,10.0,7.0,472.15
18.0,10.0,7.0,492.15
19.0,10.0,7.0,512.15
20.0,10.0,7.0,530.15
15.0,11.0,7.0,377.15
16.0,11.0,7.0,400.15
17.0,11.0,7.0,423.15
18.0,11.0,7.0,445.15
19.0,11.0,7.0,467.15
20.0,11.0,7.0,487.15
15.0,12.0,7.0,320.15
16.0,12.0,7.0,344.15
17.0,12.0,7.0,368.15
18.0,12.0,7.0,392.15
19.0,12.0,7.0,416.15
20.0,12.0,7.0,439.15
17.0,13.0,7.0,309.15
18.0,13.0,7.0,334.15
19.0,13.0,7.0,359.15
20.0,13.0,7.0,384.15
16.0,14.0,7.0,1473.15
19.0,14.0,7.0,298.15
20.0,14.0,7.0,324.15
15.0,15.0,7.0,1473.15
16.0,15.0,7.0,1473.15
15.0,1.0,8.0,387.15
16.0,1.0,8.0,381.15
17.0,1.0,8.0,377.15
18.0,1.0,8.0,374.15
19.0,1.0,8.0,373.15
20.0,1.0,8.0,373.15
15.0,2.0,8.0,600.15
16.0,2.0,8.0,612.15
17.0,2.0,8.0,623.15
18.0,2.0,8.0,634.341
19.0,2.0,8.0,629.15
20.0,2.0,8.0,624.15
15.0,3.0,8.0,572.15
16.0,3.0,8.0,585.15
17.0,3.0,8.0,598.15
18.0,3.0,8.0,610.15
19.0,3.0,8.0,621.15
20.0,3.0,8.0,632.15
15.0,4.0,8.0,540.15
16.0,4.0,8.0,555.15
17.0,4.0,8.0,569.15
18.0,4.0,8.0,583.15
19.0,4.0,8.0,596.15
20.0,4.0,8.0,608.15
15.0,5.0,8.0,505.15
16.0,5.0,8.0,521.15
17.0,5.0,8.0,537.15
18.0,5.0,8.0,552.15
19.0,5.0,8.0,567.15
20.0,5.0,8.0,581.15
15.0,6.0,8.0,466.15
16.0,6.0,8.0,484.15
17.0,6.0,8.0,501.15
18.0,6.0,8.0,518.15
19.0,6.0,8.0,534.15
20.0,6.0,8.0,550.15
15.0,7.0,8.0,422.15
16.0,7.0,8.0,442.15
17.0,7.0,8.0,461.15
18.0,7.0,8.0,479.15
19.0,7.0,8.0,497.15
20.0,7.0,8.0,514.15
15.0,8.0,8.0,375.15
16.0,8.0,8.0,396.15
17.0,8.0,8.0,416.15
18.0,8.0,8.0,436.15
19.0,8.0,8.0,456.15
20.0,8.0,8.0,475.15
15.0,9.0,8.0,324.15
16.0,9.0,8.0,346.15
17.0,9.0,8.0,368.15
18.0,9.0,8.0,389.15
19.0,9.0,8.0,410.15
20.0,9.0,8.0,430.15
17.0,10.0,8.0,315.15
18.0,10.0,8.0,337.15
19.0,10.0,8.0,359.15
20.0,10.0,8.0,381.15
19.0,11.0,8.0,305.15
20.0,11.0,8.0,328.15
15.0,12.0,8.0,1473.15
15.0,13.0,8.0,1473.15
16.0,13.0,8.0,1473.15
17.0,13.0,8.0,1473.15
18.0,13.0,8.0,1473.15
15.0,14.0,8.0,1473.15
16.0,14.0,8.0,1473.15
19.0,14.0,8.0,1473.15
15.0,15.0,8.0,1473.15
16.0,15.0,8.0,1473.15
17.0,15.0,8.0,1473.15
18.0,15.0,8.0,1473.15
19.0,15.0,8.0,1473.15
20.0,15.0,8.0,1473.15
15.0,2.0,9.0,492.15
16.0,2.0,9.0,507.15
17.0,2.0,9.0,500.15
18.0,2.0,9.0,494.15
19.0,2.0,9.0,489.15
20.0,2.0,9.0,485.15
15.0,3.0,9.0,456.15
16.0,3.0,9.0,473.15
17.0,3.0,9.0,489.15
18.0,3.0,9.0,504.15
19.0,3.0,9.0,520.15
20.0,3.0,9.0,534.15
15.0,4.0,9.0,416.15
16.0,4.0,9.0,434.15
17.0,4.0,9.0,452.15
18.0,4.0,9.0,468.15
19.0,4.0,9.0,485.15
20.0,4.0,9.0,501.15
15.0,5.0,9.0,374.15
16.0,5.0,9.0,392.15
17.0,5.0,9.0,411.15
18.0,5.0,9.0,429.15
19.0,5.0,9.0,447.15
20.0,5.0,9.0,464.15
15.0,6.0,9.0,328.15
16.0,6.0,9.0,347.15
17.0,6.0,9.0,367.15
18.0,6.0,9.0,386.15
19.0,6.0,9.0,405.15
20.0,6.0,9.0,424.15
16.0,7.0,9.0,299.15
17.0,7.0,9.0,319.15
18.0,7.0,9.0,340.15
19.0,7.0,9.0,360.15
20.0,7.0,9.0,379.15
19.0,8.0,9.0,311.15
20.0,8.0,9.0,331.15
15.0,10.0,9.0,1447.15
15.0,11.0,9.0,1473.15
16.0,11.0,9.0,1468.743
17.0,11.0,9.0,1461.15
18.0,11.0,9.0,1454.15
19.0,11.0,9.0,1446.55
15.0,12.0,9.0,1473.15
16.0,12.0,9.0,1473.15
17.0,12.0,9.0,1473.15
20.0,12.0,9.0,1456.15
15.0,13.0,9.0,1473.15
16.0,13.0,9.0,1473.15
17.0,13.0,9.0,1473.15
18.0,13.0,9.0,1473.15
19.0,13.0,9.0,1473.15
20.0,13.0,9.0,1469.15
15.0,14.0,9.0,1473.15
16.0,14.0,9.0,1473.15
17.0,14.0,9.0,1473.15
18.0,14.0,9.0,1473.15
19.0,14.0,9.0,1473.15
20.0,14.0,9.0,1473.15
15.0,15.0,9.0,1473.15
16.0,15.0,9.0,1473.15
17.0,15.0,9.0,1473.15
18.0,15.0,9.0,1473.15
19.0,15.0,9.0,1473.15
20.0,15.0,9.0,1473.15
15.0,2.0,10.0,354.15
16.0,2.0,10.0,348.15
17.0,2.0,10.0,343.15
18.0,2.0,10.0,339.15
19.0,2.0,10.0,336.15
20.0,2.0,10.0,334.15
15.0,3.0,10.0,331.15
16.0,3.0,10.0,348.15
17.0,3.0,10.0,366.15
18.0,3.0,10.0,384.15
19.0,3.0,10.0,401.15
20.0,3.0,10.0,418.15
16.0,4.0,10.0,305.15
17.0,4.0,10.0,323.15
18.0,4.0,10.0,341.15
19.0,4.0,10.0,360.15
20.0,4.0,10.0,377.15
19.0,5.0,10.0,315.15
20.0,5.0,10.0,334.15
15.0,8.0,10.0,1311.55
16.0,8.0,10.0,1312.15
17.0,8.0,10.0,1312.55
18.0,8.0,10.0,1311.15
15.0,9.0,10.0,1355.15
16.0,9.0,10.0,1356.15
18.0,9.0,10.0,1357.15
19.0,9.0,10.0,1356.15
20.0,9.0,10.0,1354.55
15.0,10.0,10.0,1395.15
16.0,10.0,10.0,1397.15
17.0,10.0,10.0,1398.15
18.0,10.0,10.0,1398.15
15.0,11.0,10.0,1432.15
16.0,11.0,10.0,1434.15
17.0,11.0,10.0,1434.15
18.0,11.0,10.0,1427.15
19.0,11.0,10.0,1420.15
20.0,11.0,10.0,1413.15
15.0,12.0,10.0,1464.467
16.0,12.0,10.0,1458.15
17.0,12.0,10.0,1451.15
18.0,12.0,10.0,1445.15
19.0,12.0,10.0,1439.15
20.0,12.0,10.0,1432.15
15.0,13.0,10.0,1473.15
16.0,13.0,10.0,1471.15
17.0,13.0,10.0,1465.15
18.0,13.0,10.0,1459.15
19.0,13.0,10.0,1454.15
20.0,13.0,10.0,1448.15
15.0,14.0,10.0,1473.15
16.0,14.0,10.0,1473.15
17.0,14.0,10.0,1473.15
18.0,14.0,10.0,1470.15
19.0,14.0,10.0,1465.15
20.0,14.0,10.0,1460.15
15.0,15.0,10.0,1473.15
16.0,15.0,10.0,1473.15
17.0,15.0,10.0,1473.15
18.0,15.0,10.0,1473.15
19.0,15.0,10.0,1473.15
20.0,15.0,10.0,1470.15
21.0,1.0,0.0,919.15
22.0,1.0,0.0,921.15
23.0,1.0,0.0,923.15
24.0,1.0,0.0,924.15
25.0,1.0,0.0,925.15
21.0,2.0,0.0,949.15
22.0,2.0,0.0,962.15
23.0,2.0,0.0,974.15
24.0,2.0,0.0,985.15
25.0,2.0,0.0,988.15
21.0,3.0,0.0,952.15
22.0,3.0,0.0,965.15
23.0,3.0,0.0,977.15
24.0,3.0,0.0,989.15
25.0,3.0,0.0,1000.15
21.0,4.0,0.0,956.15
22.0,4.0,0.0,969.15
23.0,4.0,0.0,981.15
24.0,4.0,0.0,993.15
25.0,4.0,0.0,1005.15
21.0,5.0,0.0,960.15
22.0,5.0,0.0,973.15
23.0,5.0,0.0,986.15
24.0,5.0,0.0,998.15
25.0,5.0,0.0,1009.15
21.0,6.0,0.0,964.15
22.0,6.0,0.0,977.15
23.0,6.0,0.0,990.15
24.0,6.0,0.0,1002.15
25.0,6.0,0.0,1014.15
21.0,7.0,0.0,968.15
22.0,7.0,0.0,982.15
23.0,7.0,0.0,995.15
24.0,7.0,0.0,1007.15
25.0,7.0,0.0,1019.15
21.0,8.0,0.0,972.15
22.0,8.0,0.0,986.15
23.0,8.0,0.0,1000.15
24.0,8.0,0.0,1013.15
25.0,8.0,0.0,1025.15
21.0,9.0,0.0,977.15
22.0,9.0,0.0,992.15
23.0,9.0,0.0,1005.15
24.0,9.0,0.0,1018.15
25.0,9.0,0.0,1031.15
21.0,10.0,0.0,982.15
22.0,10.0,0.0,997.15
23.0,10.0,0.0,1011.15
24.0,10.0,0.0,1024.15
25.0,10.0,0.0,1037.15
21.0,11.0,0.0,987.15
22.0,11.0,0.0,1003.15
23.0,11.0,0.0,1017.15
24.0,11.0,0.0,1031.15
25.0,11.0,0.0,1044.15
21.0,12.0,0.0,993.15
22.0,12.0,0.0,1009.15
23.0,12.0,0.0,1024.15
24.0,12.0,0.0,1038.15
25.0,12.0,0.0,1052.15
21.0,13.0,0.0,1000.15
22.0,13.0,0.0,1016.15
23.0,13.0,0.0,1031.15
24.0,13.0,0.0,1046.15
25.0,13.0,0.0,1060.15
21.0,14.0,0.0,1006.15
22.0,14.0,0.0,1023.15
23.0,14.0,0.0,1039.15
24.0,14.0,0.0,1054.15
25.0,14.0,0.0,1069.15
21.0,15.0,0.0,1014.15
22.0,15.0,0.0,1031.15
23.0,15.0,0.0,1047.15
24.0,15.0,0.0,1063.15
25.0,15.0,0.0,1078.15
21.0,1.0,1.0,889.15
22.0,1.0,1.0,890.15
23.0,1.0,1.0,892.15
24.0,1.0,1.0,893.15
25.0,1.0,1.0,895.15
21.0,2.0,1.0,897.15
22.0,2.0,1.0,911.15
23.0,2.0,1.0,924.15
24.0,2.0,1.0,937.15
25.0,2.0,1.0,949.15
21.0,3.0,1.0,899.15
22.0,3.0,1.0,913.15
23.0,3.0,1.0,926.15
24.0,3.0,1.0,939.15
25.0,3.0,1.0,951.15
21.0,4.0,1.0,901.15
22.0,4.0,1.0,915.15
23.0,4.0,1.0,929.15
24.0,4.0,1.0,942.15
25.0,4.0,1.0,954.15
21.0,5.0,1.0,903.15
22.0,5.0,1.0,918.15
23.0,5.0,1.0,932.15
24.0,5.0,1.0,945.15
25.0,5.0,1.0,958.15
21.0,6.0,1.0,905.15
22.0,6.0,1.0,920.15
23.0,6.0,1.0,934.15
24.0,6.0,1.0,948.15
25.0,6.0,1.0,961.15
21.0,7.0,1.0,908.15
22.0,7.0,1.0,923.15
23.0,7.0,1.0,937.15
24.0,7.0,1.0,951.15
25.0,7.0,1.0,965.15
21.0,8.0,1.0,910.15
22.0,8.0,1.0,926.15
23.0,8.0,1.0,940.15
24.0,8.0,1.0,955.15
25.0,8.0,1.0,968.15
21.0,9.0,1.0,912.15
22.0,9.0,1.0,928.15
23.0,9.0,1.0,944.15
24.0,9.0,1.0,958.15
25.0,9.0,1.0,972.15
21.0,10.0,1.0,915.15
22.0,10.0,1.0,931.15
23.0,10.0,1.0,947.15
24.0,10.0,1.0,962.15
25.0,10.0,1.0,977.15
21.0,11.0,1.0,918.15
22.0,11.0,1.0,935.15
23.0,11.0,1.0,951.15
24.0,11.0,1.0,966.15
25.0,11.0,1.0,981.15
21.0,12.0,1.0,920.15
22.0,12.0,1.0,938.15
23.0,12.0,1.0,955.15
24.0,12.0,1.0,971.15
25.0,12.0,1.0,986.15
21.0,13.0,1.0,923.15
22.0,13.0,1.0,941.15
23.0,13.0,1.0,959.15
24.0,13.0,1.0,975.15
25.0,13.0,1.0,991.15
21.0,14.0,1.0,927.15
22.0,14.0,1.0,945.15
23.0,14.0,1.0,963.15
24.0,14.0,1.0,980.15
25.0,14.0,1.0,997.15
21.0,15.0,1.0,930.15
22.0,15.0,1.0,949.15
23.0,15.0,1.0,968.15
24.0,15.0,1.0,986.15
25.0,15.0,1.0,1004.15
21.0,1.0,2.0,874.15
22.0,1.0,2.0,872.15
23.0,1.0,2.0,870.15
24.0,1.0,2.0,868.15
25.0,1.0,2.0,867.15
21.0,2.0,2.0,885.15
22.0,2.0,2.0,886.15
23.0,2.0,2.0,886.15
24.0,2.0,2.0,886.15
25.0,2.0,2.0,896.15
21.0,3.0,2.0,885.15
22.0,3.0,2.0,885.15
23.0,3.0,2.0,885.15
24.0,3.0,2.0,886.15
25.0,3.0,2.0,897.15
21.0,4.0,2.0,884.15
22.0,4.0,2.0,884.15
23.0,4.0,2.0,885.15
24.0,4.0,2.0,885.6141
25.0,4.0,2.0,898.15
21.0,5.0,2.0,883.15
22.0,5.0,2.0,883.15
23.0,5.0,2.0,884.15
24.0,5.0,2.0,886.15
25.0,5.0,2.0,900.15
21.0,6.0,2.0,882.15
22.0,6.0,2.0,882.15
23.0,6.0,2.0,883.15
24.0,6.0,2.0,846.15
25.0,6.0,2.0,901.15
21.0,7.0,2.0,881.15
22.0,7.0,2.0,881.15
23.0,7.0,2.0,882.15
24.0,7.0,2.0,888.15
25.0,7.0,2.0,902.15
21.0,8.0,2.0,880.15
22.0,8.0,2.0,880.15
23.0,8.0,2.0,881.15
24.0,8.0,2.0,889.15
25.0,8.0,2.0,903.15
21.0,9.0,2.0,878.15
22.0,9.0,2.0,879.15
23.0,9.0,2.0,879.15
24.0,9.0,2.0,889.15
25.0,9.0,2.0,905.15
21.0,10.0,2.0,876.15
22.0,10.0,2.0,877.15
23.0,10.0,2.0,878.15
24.0,10.0,2.0,890.15
25.0,10.0,2.0,906.15
21.0,11.0,2.0,874.15
22.0,11.0,2.0,875.15
23.0,11.0,2.0,876.15
24.0,11.0,2.0,891.15
25.0,11.0,2.0,907.15
21.0,12.0,2.0,872.15
22.0,12.0,2.0,873.15
23.0,12.0,2.0,874.15
24.0,12.0,2.0,891.15
25.0,12.0,2.0,908.15
21.0,13.0,2.0,870.15
22.0,13.0,2.0,871.15
23.0,13.0,2.0,874.15
24.0,13.0,2.0,891.15
25.0,13.0,2.0,909.15
21.0,14.0,2.0,867.15
22.0,14.0,2.0,868.15
23.0,14.0,2.0,873.15
24.0,14.0,2.0,892.15
25.0,14.0,2.0,910.15
21.0,15.0,2.0,863.15
22.0,15.0,2.0,865.15
23.0,15.0,2.0,872.15
24.0,15.0,2.0,891.15
25.0,15.0,2.0,911.15
21.0,1.0,3.0,852.15
22.0,1.0,3.0,849.15
23.0,1.0,3.0,847.15
24.0,1.0,3.0,845.15
25.0,1.0,3.0,844.15
21.0,2.0,3.0,871.15
22.0,2.0,3.0,872.15
23.0,2.0,3.0,873.15
24.0,2.0,3.0,874.15
25.0,2.0,3.0,874.15
21.0,3.0,3.0,870.15
22.0,3.0,3.0,870.15
23.0,3.0,3.0,871.15
24.0,3.0,3.0,872.15
25.0,3.0,3.0,873.15
21.0,4.0,3.0,868.15
22.0,4.0,3.0,869.15
23.0,4.0,3.0,1251.15
24.0,4.0,3.0,870.15
25.0,4.0,3.0,871.15
21.0,5.0,3.0,828.15
22.0,5.0,3.0,1374.15
23.0,5.0,3.0,1357.15
24.0,5.0,3.0,1339.55
25.0,5.0,3.0,869.15
21.0,6.0,3.0,863.15
22.0,6.0,3.0,864.15
23.0,6.0,3.0,865.15
24.0,6.0,3.0,866.15
25.0,6.0,3.0,867.15
21.0,7.0,3.0,860.15
22.0,7.0,3.0,861.15
23.0,7.0,3.0,863.15
24.0,7.0,3.0,864.15
25.0,7.0,3.0,865.15
21.0,8.0,3.0,857.15
22.0,8.0,3.0,858.15
23.0,8.0,3.0,860.15
24.0,8.0,3.0,861.15
25.0,8.0,3.0,863.15
21.0,9.0,3.0,853.15
22.0,9.0,3.0,855.15
23.0,9.0,3.0,857.15
24.0,9.0,3.0,858.15
25.0,9.0,3.0,860.15
21.0,10.0,3.0,849.15
22.0,10.0,3.0,851.15
23.0,10.0,3.0,853.15
24.0,10.0,3.0,855.15
25.0,10.0,3.0,856.15
21.0,11.0,3.0,844.15
22.0,11.0,3.0,846.15
23.0,11.0,3.0,849.15
24.0,11.0,3.0,851.15
25.0,11.0,3.0,853.15
21.0,12.0,3.0,838.15
22.0,12.0,3.0,841.15
23.0,12.0,3.0,844.15
24.0,12.0,3.0,846.15
25.0,12.0,3.0,848.15
21.0,13.0,3.0,832.15
22.0,13.0,3.0,835.15
23.0,13.0,3.0,838.15
24.0,13.0,3.0,841.15
25.0,13.0,3.0,844.15
21.0,14.0,3.0,824.15
22.0,14.0,3.0,828.15
23.0,14.0,3.0,832.15
24.0,14.0,3.0,835.15
25.0,14.0,3.0,838.15
21.0,15.0,3.0,815.15
22.0,15.0,3.0,820.15
23.0,15.0,3.0,824.15
24.0,15.0,3.0,828.15
25.0,15.0,3.0,831.15
21.0,1.0,4.0,817.15
22.0,1.0,4.0,815.15
23.0,1.0,4.0,813.15
24.0,1.0,4.0,811.15
25.0,1.0,4.0,809.15
21.0,2.0,4.0,1019.15
22.0,2.0,4.0,1003.15
23.0,2.0,4.0,987.15
24.0,2.0,4.0,854.15
25.0,2.0,4.0,855.15
21.0,3.0,4.0,1154.55
22.0,3.0,4.0,1138.75
23.0,3.0,4.0,1122.15
24.0,3.0,4.0,1105.15
25.0,3.0,4.0,1088.75
21.0,4.0,4.0,842.15
22.0,4.0,4.0,844.15
23.0,4.0,4.0,846.15
24.0,4.0,4.0,1220.55
25.0,4.0,4.0,1204.03
21.0,5.0,4.0,838.15
22.0,5.0,4.0,840.15
23.0,5.0,4.0,842.15
24.0,5.0,4.0,844.15
25.0,5.0,4.0,846.15
21.0,6.0,4.0,833.15
22.0,6.0,4.0,835.15
23.0,6.0,4.0,838.15
24.0,6.0,4.0,840.15
25.0,6.0,4.0,842.15
21.0,7.0,4.0,828.15
22.0,7.0,4.0,830.15
23.0,7.0,4.0,833.15
24.0,7.0,4.0,835.15
25.0,7.0,4.0,837.15
21.0,8.0,4.0,821.15
22.0,8.0,4.0,824.15
23.0,8.0,4.0,827.15
24.0,8.0,4.0,830.15
25.0,8.0,4.0,832.15
21.0,9.0,4.0,814.15
22.0,9.0,4.0,818.15
23.0,9.0,4.0,821.15
24.0,9.0,4.0,824.15
25.0,9.0,4.0,827.15
21.0,10.0,4.0,806.15
22.0,10.0,4.0,810.15
23.0,10.0,4.0,814.15
24.0,10.0,4.0,817.15
25.0,10.0,4.0,820.15
21.0,11.0,4.0,797.15
22.0,11.0,4.0,801.15
23.0,11.0,4.0,806.15
24.0,11.0,4.0,810.15
25.0,11.0,4.0,813.15
21.0,12.0,4.0,786.15
22.0,12.0,4.0,791.15
23.0,12.0,4.0,796.15
24.0,12.0,4.0,801.15
25.0,12.0,4.0,805.15
21.0,13.0,4.0,774.15
22.0,13.0,4.0,780.15
23.0,13.0,4.0,785.15
24.0,13.0,4.0,790.15
25.0,13.0,4.0,795.15
21.0,14.0,4.0,759.15
22.0,14.0,4.0,766.15
23.0,14.0,4.0,773.15
24.0,14.0,4.0,779.15
25.0,14.0,4.0,784.15
21.0,15.0,4.0,742.15
22.0,15.0,4.0,750.15
23.0,15.0,4.0,758.15
24.0,15.0,4.0,765.15
25.0,15.0,4.0,772.15
21.0,2.0,5.0,819.15
22.0,2.0,5.0,822.15
23.0,2.0,5.0,973.35
24.0,2.0,5.0,828.55
25.0,2.0,5.0,831.349
21.0,3.0,5.0,814.15
22.0,3.0,5.0,816.15
23.0,3.0,5.0,819.15
24.0,3.0,5.0,822.15
25.0,3.0,5.0,824.15
21.0,4.0,5.0,807.15
22.0,4.0,5.0,810.15
23.0,4.0,5.0,813.15
24.0,4.0,5.0,816.15
25.0,4.0,5.0,819.15
21.0,5.0,5.0,800.15
22.0,5.0,5.0,803.15
23.0,5.0,5.0,807.15
24.0,5.0,5.0,810.15
25.0,5.0,5.0,813.15
21.0,6.0,5.0,792.15
22.0,6.0,5.0,796.15
23.0,6.0,5.0,799.15
24.0,6.0,5.0,803.15
25.0,6.0,5.0,806.15
21.0,7.0,5.0,782.15
22.0,7.0,5.0,787.15
23.0,7.0,5.0,791.15
24.0,7.0,5.0,795.15
25.0,7.0,5.0,799.15
21.0,8.0,5.0,772.15
22.0,8.0,5.0,777.15
23.0,8.0,5.0,782.15
24.0,8.0,5.0,786.15
25.0,8.0,5.0,790.15
21.0,9.0,5.0,760.15
22.0,9.0,5.0,766.15
23.0,9.0,5.0,771.15
24.0,9.0,5.0,776.15
25.0,9.0,5.0,781.15
21.0,10.0,5.0,746.15
22.0,10.0,5.0,753.15
23.0,10.0,5.0,759.15
24.0,10.0,5.0,765.15
25.0,10.0,5.0,770.15
21.0,11.0,5.0,731.15
22.0,11.0,5.0,738.15
23.0,11.0,5.0,745.15
24.0,11.0,5.0,752.15
25.0,11.0,5.0,758.15
21.0,12.0,5.0,712.15
22.0,12.0,5.0,721.15
23.0,12.0,5.0,729.15
24.0,12.0,5.0,737.15
25.0,12.0,5.0,744.15
21.0,13.0,5.0,690.15
22.0,13.0,5.0,701.15
23.0,13.0,5.0,711.15
24.0,13.0,5.0,720.15
25.0,13.0,5.0,728.15
21.0,14.0,5.0,664.15
22.0,14.0,5.0,677.15
23.0,14.0,5.0,689.15
24.0,14.0,5.0,699.15
25.0,14.0,5.0,709.15
21.0,15.0,5.0,633.15
22.0,15.0,5.0,648.15
23.0,15.0,5.0,662.15
24.0,15.0,5.0,675.15
25.0,15.0,5.0,687.15
21.0,1.0,6.0,679.15
22.0,1.0,6.0,678.15
23.0,1.0,6.0,678.15
24.0,1.0,6.0,679.15
25.0,1.0,6.0,680.15
21.0,2.0,6.0,780.15
22.0,2.0,6.0,784.15
23.0,2.0,6.0,787.539
24.0,2.0,6.0,788.15
25.0,2.0,6.0,786.15
21.0,3.0,6.0,771.15
22.0,3.0,6.0,775.15
23.0,3.0,6.0,779.15
24.0,3.0,6.0,783.15
25.0,3.0,6.0,787.15
21.0,4.0,6.0,761.15
22.0,4.0,6.0,766.15
23.0,4.0,6.0,770.15
24.0,4.0,6.0,774.15
25.0,4.0,6.0,779.15
21.0,5.0,6.0,750.15
22.0,5.0,6.0,755.15
23.0,5.0,6.0,760.15
24.0,5.0,6.0,765.15
25.0,5.0,6.0,769.15
21.0,6.0,6.0,737.15
22.0,6.0,6.0,743.15
23.0,6.0,6.0,749.15
24.0,6.0,6.0,754.15
25.0,6.0,6.0,759.15
21.0,7.0,6.0,722.15
22.0,7.0,6.0,729.15
23.0,7.0,6.0,736.15
24.0,7.0,6.0,742.15
25.0,7.0,6.0,748.15
21.0,8.0,6.0,705.15
22.0,8.0,6.0,713.15
23.0,8.0,6.0,721.15
24.0,8.0,6.0,728.15
25.0,8.0,6.0,735.15
21.0,9.0,6.0,686.15
22.0,9.0,6.0,695.15
23.0,9.0,6.0,704.15
24.0,9.0,6.0,712.15
25.0,9.0,6.0,720.15
21.0,10.0,6.0,663.15
22.0,10.0,6.0,674.15
23.0,10.0,6.0,685.15
24.0,10.0,6.0,694.15
25.0,10.0,6.0,703.15
21.0,11.0,6.0,637.15
22.0,11.0,6.0,650.15
23.0,11.0,6.0,662.15
24.0,11.0,6.0,673.15
25.0,11.0,6.0,683.15
21.0,12.0,6.0,606.15
22.0,12.0,6.0,621.15
23.0,12.0,6.0,635.15
24.0,12.0,6.0,648.15
25.0,12.0,6.0,660.15
21.0,13.0,6.0,569.15
22.0,13.0,6.0,587.15
23.0,13.0,6.0,603.15
24.0,13.0,6.0,619.15
25.0,13.0,6.0,633.15
21.0,14.0,6.0,525.15
22.0,14.0,6.0,546.15
23.0,14.0,6.0,566.15
24.0,14.0,6.0,584.15
25.0,14.0,6.0,601.15
21.0,15.0,6.0,474.15
22.0,15.0,6.0,498.15
23.0,15.0,6.0,521.15
24.0,15.0,6.0,542.15
25.0,15.0,6.0,562.15
21.0,1.0,7.0,522.15
22.0,1.0,7.0,524.15
23.0,1.0,7.0,527.15
24.0,1.0,7.0,532.15
25.0,1.0,7.0,538.15
21.0,2.0,7.0,723.15
22.0,2.0,7.0,720.15
23.0,2.0,7.0,717.15
24.0,2.0,7.0,715.15
25.0,2.0,7.0,714.15
21.0,3.0,7.0,716.15
22.0,3.0,7.0,722.15
23.0,3.0,7.0,728.15
24.0,3.0,7.0,734.15
25.0,3.0,7.0,739.15
21.0,4.0,7.0,700.15
22.0,4.0,7.0,708.15
23.0,4.0,7.0,715.15
24.0,4.0,7.0,721.15
25.0,4.0,7.0,727.15
21.0,5.0,7.0,683.15
22.0,5.0,7.0,691.15
23.0,5.0,7.0,699.15
24.0,5.0,7.0,707.15
25.0,5.0,7.0,713.15
21.0,6.0,7.0,663.15
22.0,6.0,7.0,673.15
23.0,6.0,7.0,682.15
24.0,6.0,7.0,690.15
25.0,6.0,7.0,698.15
21.0,7.0,7.0,640.15
22.0,7.0,7.0,651.15
23.0,7.0,7.0,662.15
24.0,7.0,7.0,671.15
25.0,7.0,7.0,680.15
21.0,8.0,7.0,614.15
22.0,8.0,7.0,627.15
23.0,8.0,7.0,639.15
24.0,8.0,7.0,650.15
25.0,8.0,7.0,660.15
21.0,9.0,7.0,583.15
22.0,9.0,7.0,598.15
23.0,9.0,7.0,612.15
24.0,9.0,7.0,625.15
25.0,9.0,7.0,637.15
21.0,10.0,7.0,548.15
22.0,10.0,7.0,565.15
23.0,10.0,7.0,581.15
24.0,10.0,7.0,596.15
25.0,10.0,7.0,610.15
21.0,11.0,7.0,507.15
22.0,11.0,7.0,527.15
23.0,11.0,7.0,545.15
24.0,11.0,7.0,562.15
25.0,11.0,7.0,578.15
21.0,12.0,7.0,461.15
22.0,12.0,7.0,482.15
23.0,12.0,7.0,503.15
24.0,12.0,7.0,523.15
25.0,12.0,7.0,541.15
21.0,13.0,7.0,408.15
22.0,13.0,7.0,432.15
23.0,13.0,7.0,455.15
24.0,13.0,7.0,477.15
25.0,13.0,7.0,498.15
21.0,14.0,7.0,350.15
22.0,14.0,7.0,375.15
23.0,14.0,7.0,401.15
24.0,14.0,7.0,425.15
25.0,14.0,7.0,449.15
22.0,15.0,7.0,313.15
23.0,15.0,7.0,339.15
24.0,15.0,7.0,366.15
25.0,15.0,7.0,392.15
21.0,1.0,8.0,375.15
22.0,1.0,8.0,377.15
23.0,1.0,8.0,380.15
24.0,1.0,8.0,384.15
25.0,1.0,8.0,388.15
21.0,2.0,8.0,620.15
22.0,2.0,8.0,616.15
23.0,2.0,8.0,612.15
24.0,2.0,8.0,610.15
25.0,2.0,8.0,608.15
21.0,3.0,8.0,643.15
22.0,3.0,8.0,652.15
23.0,3.0,8.0,661.15
24.0,3.0,8.0,670.15
25.0,3.0,8.0,678.15
21.0,4.0,8.0,620.15
22.0,4.0,8.0,631.15
23.0,4.0,8.0,641.15
24.0,4.0,8.0,651.15
25.0,4.0,8.0,660.15
21.0,5.0,8.0,594.15
22.0,5.0,8.0,606.15
23.0,5.0,8.0,618.15
24.0,5.0,8.0,629.15
25.0,5.0,8.0,640.15
21.0,6.0,8.0,564.15
22.0,6.0,8.0,578.15
23.0,6.0,8.0,592.15
24.0,6.0,8.0,604.15
25.0,6.0,8.0,616.15
21.0,7.0,8.0,531.15
22.0,7.0,8.0,547.15
23.0,7.0,8.0,562.15
24.0,7.0,8.0,576.15
25.0,7.0,8.0,590.15
21.0,8.0,8.0,493.15
22.0,8.0,8.0,511.15
23.0,8.0,8.0,528.15
24.0,8.0,8.0,544.15
25.0,8.0,8.0,559.15
21.0,9.0,8.0,450.15
22.0,9.0,8.0,470.15
23.0,9.0,8.0,489.15
24.0,9.0,8.0,507.15
25.0,9.0,8.0,524.15
21.0,10.0,8.0,403.15
22.0,10.0,8.0,424.15
23.0,10.0,8.0,445.15
24.0,10.0,8.0,465.15
25.0,10.0,8.0,484.15
21.0,11.0,8.0,351.15
22.0,11.0,8.0,374.15
23.0,11.0,8.0,396.15
24.0,11.0,8.0,418.15
25.0,11.0,8.0,439.15
22.0,12.0,8.0,318.15
23.0,12.0,8.0,342.15
24.0,12.0,8.0,365.15
25.0,12.0,8.0,388.15
24.0,13.0,8.0,308.15
25.0,13.0,8.0,332.15
21.0,14.0,8.0,1473.15
25.0,14.0,8.0,1468.19
21.0,15.0,8.0,1473.15
22.0,15.0,8.0,1473.15
23.0,15.0,8.0,1473.15
25.0,15.0,8.0,1473.15
21.0,2.0,9.0,481.15
22.0,2.0,9.0,479.15
23.0,2.0,9.0,477.15
24.0,2.0,9.0,477.15
25.0,2.0,9.0,477.15
21.0,3.0,9.0,548.15
22.0,3.0,9.0,562.15
23.0,3.0,9.0,574.15
24.0,3.0,9.0,587.15
25.0,3.0,9.0,598.15
21.0,4.0,9.0,516.15
22.0,4.0,9.0,531.15
23.0,4.0,9.0,546.15
24.0,4.0,9.0,559.15
25.0,4.0,9.0,572.15
21.0,5.0,9.0,481.15
22.0,5.0,9.0,497.15
23.0,5.0,9.0,513.15
24.0,5.0,9.0,528.15
25.0,5.0,9.0,543.15
21.0,6.0,9.0,442.15
22.0,6.0,9.0,460.15
23.0,6.0,9.0,477.15
24.0,6.0,9.0,494.15
25.0,6.0,9.0,510.15
21.0,7.0,9.0,399.15
22.0,7.0,9.0,418.15
23.0,7.0,9.0,437.15
24.0,7.0,9.0,455.15
25.0,7.0,9.0,473.15
21.0,8.0,9.0,352.15
22.0,8.0,9.0,372.15
23.0,8.0,9.0,392.15
24.0,8.0,9.0,412.15
25.0,8.0,9.0,431.15
21.0,9.0,9.0,301.15
22.0,9.0,9.0,323.15
23.0,9.0,9.0,344.15
24.0,9.0,9.0,365.15
25.0,9.0,9.0,385.15
24.0,10.0,9.0,314.15
25.0,10.0,9.0,335.15
23.0,11.0,9.0,1417.15
21.0,12.0,9.0,1449.15
22.0,12.0,9.0,1442.66
23.0,12.0,9.0,1436.15
21.0,13.0,9.0,1463.15
22.0,13.0,9.0,1458.15
23.0,13.0,9.0,1452.15
24.0,13.0,9.0,1446.15
21.0,14.0,9.0,1473.15
22.0,14.0,9.0,1469.15
23.0,14.0,9.0,1464.55
24.0,14.0,9.0,1459.15
25.0,14.0,9.0,1454.15
21.0,15.0,9.0,1473.15
22.0,15.0,9.0,1473.15
23.0,15.0,9.0,1473.15
24.0,15.0,9.0,1470.15
25.0,15.0,9.0,1465.15
21.0,2.0,10.0,333.15
22.0,2.0,10.0,333.15
23.0,2.0,10.0,334.15
24.0,2.0,10.0,336.15
25.0,2.0,10.0,338.15
21.0,3.0,10.0,435.15
22.0,3.0,10.0,451.15
23.0,3.0,10.0,467.2511
24.0,3.0,10.0,469.15
25.0,3.0,10.0,471.15
21.0,4.0,10.0,395.15
22.0,4.0,10.0,413.15
23.0,4.0,10.0,430.15
24.0,4.0,10.0,447.15
25.0,4.0,10.0,463.15
21.0,5.0,10.0,353.15
22.0,5.0,10.0,371.15
23.0,5.0,10.0,389.15
24.0,5.0,10.0,407.15
25.0,5.0,10.0,425.15
21.0,6.0,10.0,307.15
22.0,6.0,10.0,326.15
23.0,6.0,10.0,345.15
24.0,6.0,10.0,364.15
25.0,6.0,10.0,383.15
23.0,7.0,10.0,298.15
24.0,7.0,10.0,318.15
25.0,7.0,10.0,338.15
21.0,8.0,10.0,1306.55
25.0,9.0,10.0,1317.15
21.0,10.0,10.0,1381.75
22.0,10.0,10.0,1373.55
23.0,10.0,10.0,1366.13
24.0,10.0,10.0,1358.15
21.0,11.0,10.0,1406.15
22.0,11.0,10.0,1398.72
23.0,11.0,10.0,1392.15
24.0,11.0,10.0,1384.354
25.0,11.0,10.0,1377.15
21.0,12.0,10.0,1426.15
22.0,12.0,10.0,1420.54
23.0,12.0,10.0,1414.15
25.0,12.0,10.0,1400.55
21.0,13.0,10.0,1442.15
22.0,13.0,10.0,1437.15
23.0,13.0,10.0,1431.15
24.0,13.0,10.0,1426.15
25.0,13.0,10.0,1420.15
21.0,14.0,10.0,1455.15
22.0,14.0,10.0,1450.15
23.0,14.0,10.0,1446.15
24.0,14.0,10.0,1441.15
25.0,14.0,10.0,1435.15
21.0,15.0,10.0,1466.15
22.0,15.0,10.0,1461.15
23.0,15.0,10.0,1457.15
24.0,15.0,10.0,1452.15
25.0,15.0,10.0,1448.15
