Ni,Ti,Al,FCC
15.0,1.0,0.0,18.713854306145123
16.0,1.0,0.0,20.384772820302906
17.0,1.0,0.0,22.05762019624167
18.0,1.0,0.0,23.72883766744068
19.0,1.0,0.0,25.4001595840153
20.0,1.0,0.0,27.071624972468328
15.0,2.0,0.0,12.577807582962059
16.0,2.0,0.0,14.249372939882448
17.0,2.0,0.0,15.920737530825482
18.0,2.0,0.0,17.592257839311696
19.0,2.0,0.0,19.26407735536366
20.0,2.0,0.0,20.936046046135093
15.0,3.0,0.0,6.441706283062048
16.0,3.0,0.0,8.113175539940894
17.0,3.0,0.0,9.784628235172331
18.0,3.0,0.0,11.45606439286498
19.0,3.0,0.0,13.127638936437295
20.0,3.0,0.0,14.799012662514146
15.0,4.0,0.0,0.30545211171576797
16.0,4.0,0.0,1.9769908528623708
17.0,4.0,0.0,3.6485010360184
18.0,4.0,0.0,5.319991065445611
19.0,4.0,0.0,6.991464501506527
20.0,4.0,0.0,8.662921368372759
15.0,5.0,0.0,0.0
16.0,5.0,0.0,0.0
17.0,5.0,0.0,0.0
18.0,5.0,0.0,0.0
19.0,5.0,0.0,0.8551892429566126
20.0,5.0,0.0,2.526665891798618
15.0,6.0,0.0,0.0
16.0,6.0,0.0,0.0
17.0,6.0,0.0,0.0
18.0,6.0,0.0,0.0
19.0,6.0,0.0,0.0
20.0,6.0,0.0,0.0
15.0,7.0,0.0,0.0
16.0,7.0,0.0,0.0
17.0,7.0,0.0,0.0
18.0,7.0,0.0,0.0
19.0,7.0,0.0,0.0
20.0,7.0,0.0,0.0
15.0,8.0,0.0,0.0
16.0,8.0,0.0,0.0
17.0,8.0,0.0,0.0
18.0,8.0,0.0,0.0
19.0,8.0,0.0,0.0
20.0,8.0,0.0,0.0
15.0,9.0,0.0,0.0
16.0,9.0,0.0,0.0
17.0,9.0,0.0,0.0
18.0,9.0,0.0,0.0
19.0,9.0,0.0,0.0
20.0,9.0,0.0,0.0
15.0,10.0,0.0,0.0
16.0,10.0,0.0,0.0
17.0,10.0,0.0,0.0
18.0,10.0,0.0,0.0
19.0,10.0,0.0,0.0
20.0,10.0,0.0,0.0
15.0,11.0,0.0,0.0
16.0,11.0,0.0,0.0
17.0,11.0,0.0,0.0
18.0,11.0,0.0,0.0
19.0,11.0,0.0,0.0
20.0,11.0,0.0,0.0
15.0,12.0,0.0,0.0
16.0,12.0,0.0,0.0
17.0,12.0,0.0,0.0
18.0,12.0,0.0,0.0
19.0,12.0,0.0,0.0
20.0,12.0,0.0,0.0
15.0,13.0,0.0,0.0
16.0,13.0,0.0,0.0
17.0,13.0,0.0,0.0
18.0,13.0,0.0,0.0
19.0,13.0,0.0,0.0
20.0,13.0,0.0,0.0
15.0,14.0,0.0,0.0
16.0,14.0,0.0,0.0
17.0,14.0,0.0,0.0
18.0,14.0,0.0,0.0
19.0,14.0,0.0,0.0
20.0,14.0,0.0,0.0
15.0,15.0,0.0,0.0
16.0,15.0,0.0,0.0
17.0,15.0,0.0,0.0
18.0,15.0,0.0,0.0
19.0,15.0,0.0,0.0
20.0,15.0,0.0,0.0
15.0,1.0,1.0,18.157472747593314
16.0,1.0,1.0,19.796476748808704
17.0,1.0,1.0,21.437497190632445
18.0,1.0,1.0,23.08232828879148
19.0,1.0,1.0,24.727327594878503
20.0,1.0,1.0,26.37432874730018
15.0,2.0,1.0,12.144865878280935
16.0,2.0,1.0,13.775637987916834
17.0,2.0,1.0,15.408956245328723
18.0,2.0,1.0,17.044689499245756
19.0,2.0,1.0,18.683315640799584
20.0,2.0,1.0,20.32341949940474
15.0,3.0,1.0,6.174014319119546
16.0,3.0,1.0,7.7928640914251055
17.0,3.0,1.0,9.4150139445609
18.0,3.0,1.0,11.040309842698575
19.0,3.0,1.0,12.668530162866684
20.0,3.0,1.0,14.299507509844398
15.0,4.0,1.0,0.2608823045327035
16.0,4.0,1.0,1.8634820431052246
17.0,4.0,1.0,3.470582176743648
18.0,4.0,1.0,5.081553001775365
19.0,4.0,1.0,6.6965728263126065
20.0,4.0,1.0,8.315259949983943
15.0,5.0,1.0,0.0
16.0,5.0,1.0,0.0
17.0,5.0,1.0,0.0
18.0,5.0,1.0,0.0
19.0,5.0,1.0,0.7851107418410503
20.0,5.0,1.0,2.3865550470985415
15.0,6.0,1.0,0.0
16.0,6.0,1.0,0.0
17.0,6.0,1.0,0.0
18.0,6.0,1.0,0.0
19.0,6.0,1.0,0.0
20.0,6.0,1.0,0.0
15.0,7.0,1.0,0.0
16.0,7.0,1.0,0.0
17.0,7.0,1.0,0.0
18.0,7.0,1.0,0.0
19.0,7.0,1.0,0.0
20.0,7.0,1.0,0.0
15.0,8.0,1.0,0.0
16.0,8.0,1.0,0.0
17.0,8.0,1.0,0.0
18.0,8.0,1.0,0.0
19.0,8.0,1.0,0.0
20.0,8.0,1.0,0.0
15.0,9.0,1.0,0.0
16.0,9.0,1.0,0.0
17.0,9.0,1.0,0.0
18.0,9.0,1.0,0.0
19.0,9.0,1.0,0.0
20.0,9.0,1.0,0.0
15.0,10.0,1.0,0.0
16.0,10.0,1.0,0.0
17.0,10.0,1.0,0.0
18.0,10.0,1.0,0.0
19.0,10.0,1.0,0.0
20.0,10.0,1.0,0.0
15.0,11.0,1.0,0.0
16.0,11.0,1.0,0.0
17.0,11.0,1.0,0.0
18.0,11.0,1.0,0.0
19.0,11.0,1.0,0.0
20.0,11.0,1.0,0.0
15.0,12.0,1.0,0.0
16.0,12.0,1.0,0.0
17.0,12.0,1.0,0.0
18.0,12.0,1.0,0.0
19.0,12.0,1.0,0.0
20.0,12.0,1.0,0.0
15.0,13.0,1.0,0.0
16.0,13.0,1.0,0.0
17.0,13.0,1.0,0.0
18.0,13.0,1.0,0.0
19.0,13.0,1.0,0.0
20.0,13.0,1.0,0.0
15.0,14.0,1.0,0.0
16.0,14.0,1.0,0.0
17.0,14.0,1.0,0.0
18.0,14.0,1.0,0.0
19.0,14.0,1.0,0.0
20.0,14.0,1.0,0.0
15.0,15.0,1.0,0.0
16.0,15.0,1.0,0.0
17.0,15.0,1.0,0.0
18.0,15.0,1.0,0.0
19.0,15.0,1.0,0.0
20.0,15.0,1.0,0.0
15.0,1.0,2.0,17.705402273971554
16.0,1.0,2.0,19.316460897120074
17.0,1.0,2.0,20.929945194725903
18.0,1.0,2.0,22.54733687508514
19.0,1.0,2.0,24.166814925622415
20.0,1.0,2.0,25.78837635932433
15.0,2.0,2.0,11.792751891096179
16.0,2.0,2.0,13.389808594752973
17.0,2.0,2.0,14.990417010216397
18.0,2.0,2.0,16.59477543921568
19.0,2.0,2.0,18.202151163319304
20.0,2.0,2.0,19.81286736774761
15.0,3.0,2.0,5.9473495963444725
16.0,3.0,2.0,7.525189146596821
17.0,3.0,2.0,9.108079480340484
18.0,3.0,2.0,10.695842004176583
19.0,3.0,2.0,12.287923356434472
20.0,3.0,2.0,13.88429210427146
15.0,4.0,2.0,0.20045768765376584
16.0,4.0,2.0,1.7510477603323602
17.0,4.0,2.0,3.308693286195852
18.0,4.0,2.0,4.872982671324638
19.0,4.0,2.0,6.443256181370055
20.0,4.0,2.0,8.019511305616337
15.0,5.0,2.0,0.0
16.0,5.0,2.0,0.0
17.0,5.0,2.0,0.0
18.0,5.0,2.0,0.0
19.0,5.0,2.0,0.704218403091851
20.0,5.0,2.0,2.250573054127359
15.0,6.0,2.0,0.0
16.0,6.0,2.0,0.0
17.0,6.0,2.0,0.0
18.0,6.0,2.0,0.0
19.0,6.0,2.0,0.0
20.0,6.0,2.0,0.0
15.0,7.0,2.0,0.0
16.0,7.0,2.0,0.0
17.0,7.0,2.0,0.0
18.0,7.0,2.0,0.0
19.0,7.0,2.0,0.0
20.0,7.0,2.0,0.0
15.0,8.0,2.0,0.0
16.0,8.0,2.0,0.0
17.0,8.0,2.0,0.0
18.0,8.0,2.0,0.0
19.0,8.0,2.0,0.0
20.0,8.0,2.0,0.0
15.0,9.0,2.0,0.0
16.0,9.0,2.0,0.0
17.0,9.0,2.0,0.0
18.0,9.0,2.0,0.0
19.0,9.0,2.0,0.0
20.0,9.0,2.0,0.0
15.0,10.0,2.0,0.0
16.0,10.0,2.0,0.0
17.0,10.0,2.0,0.0
18.0,10.0,2.0,0.0
19.0,10.0,2.0,0.0
20.0,10.0,2.0,0.0
15.0,11.0,2.0,0.0
16.0,11.0,2.0,0.0
17.0,11.0,2.0,0.0
18.0,11.0,2.0,0.0
19.0,11.0,2.0,0.0
20.0,11.0,2.0,0.0
15.0,12.0,2.0,0.0
16.0,12.0,2.0,0.0
17.0,12.0,2.0,0.0
18.0,12.0,2.0,0.0
19.0,12.0,2.0,0.0
20.0,12.0,2.0,0.0
15.0,13.0,2.0,0.0
16.0,13.0,2.0,0.0
17.0,13.0,2.0,0.0
18.0,13.0,2.0,0.0
19.0,13.0,2.0,0.0
20.0,13.0,2.0,0.0
15.0,14.0,2.0,0.0
16.0,14.0,2.0,0.0
17.0,14.0,2.0,0.0
18.0,14.0,2.0,0.0
19.0,14.0,2.0,0.0
20.0,14.0,2.0,0.0
15.0,15.0,2.0,0.0
16.0,15.0,2.0,0.0
17.0,15.0,2.0,0.0
18.0,15.0,2.0,0.0
19.0,15.0,2.0,0.0
20.0,15.0,2.0,0.0
15.0,1.0,3.0,17.199484612825493
16.0,1.0,3.0,18.781438654894053
17.0,1.0,3.0,20.366490319903193
18.0,1.0,3.0,21.95738838679363
19.0,1.0,3.0,23.550412228529076
20.0,1.0,3.0,25.147429879122168
15.0,2.0,3.0,11.381741126741375
16.0,2.0,3.0,12.942717869544177
17.0,2.0,3.0,14.509029978535523
18.0,2.0,3.0,16.08066992067213
19.0,2.0,3.0,17.65723021966108
20.0,2.0,3.0,19.23744487647371
15.0,3.0,3.0,5.666984449537985
16.0,3.0,3.0,7.1974402547949135
17.0,3.0,3.0,8.736021812420553
18.0,3.0,3.0,10.282010440739137
19.0,3.0,3.0,11.834992573451055
20.0,3.0,3.0,13.394238534743009
15.0,4.0,3.0,0.10942071278702088
16.0,4.0,3.0,1.6055819036735777
17.0,4.0,3.0,3.097984437190575
18.0,4.0,3.0,4.603384803794993
19.0,4.0,3.0,6.120090037109889
20.0,4.0,3.0,7.646595995201761
15.0,5.0,3.0,0.0
16.0,5.0,3.0,0.0
17.0,5.0,3.0,0.0
18.0,5.0,3.0,0.0
19.0,5.0,3.0,0.5205809796738361
20.0,5.0,3.0,1.7454256194838895
15.0,6.0,3.0,0.0
16.0,6.0,3.0,0.0
17.0,6.0,3.0,0.0
18.0,6.0,3.0,0.0
19.0,6.0,3.0,0.0
20.0,6.0,3.0,0.0
15.0,7.0,3.0,0.0
16.0,7.0,3.0,0.0
17.0,7.0,3.0,0.0
18.0,7.0,3.0,0.0
19.0,7.0,3.0,0.0
20.0,7.0,3.0,0.0
15.0,8.0,3.0,0.0
16.0,8.0,3.0,0.0
17.0,8.0,3.0,0.0
18.0,8.0,3.0,0.0
19.0,8.0,3.0,0.0
20.0,8.0,3.0,0.0
15.0,9.0,3.0,0.0
16.0,9.0,3.0,0.0
17.0,9.0,3.0,0.0
18.0,9.0,3.0,0.0
19.0,9.0,3.0,0.0
20.0,9.0,3.0,0.0
15.0,10.0,3.0,0.0
16.0,10.0,3.0,0.0
17.0,10.0,3.0,0.0
18.0,10.0,3.0,0.0
19.0,10.0,3.0,0.0
20.0,10.0,3.0,0.0
15.0,11.0,3.0,0.0
16.0,11.0,3.0,0.0
17.0,11.0,3.0,0.0
18.0,11.0,3.0,0.0
19.0,11.0,3.0,0.0
20.0,11.0,3.0,0.0
15.0,12.0,3.0,0.0
16.0,12.0,3.0,0.0
17.0,12.0,3.0,0.0
18.0,12.0,3.0,0.0
19.0,12.0,3.0,0.0
20.0,12.0,3.0,0.0
15.0,13.0,3.0,0.0
16.0,13.0,3.0,0.0
17.0,13.0,3.0,0.0
18.0,13.0,3.0,0.0
19.0,13.0,3.0,0.0
20.0,13.0,3.0,0.0
15.0,14.0,3.0,0.0
16.0,14.0,3.0,0.0
17.0,14.0,3.0,0.0
18.0,14.0,3.0,0.0
19.0,14.0,3.0,0.0
20.0,14.0,3.0,0.0
15.0,15.0,3.0,0.0
16.0,15.0,3.0,0.0
17.0,15.0,3.0,0.0
18.0,15.0,3.0,0.0
19.0,15.0,3.0,0.0
20.0,15.0,3.0,0.0
15.0,1.0,4.0,16.554120561764783
16.0,1.0,4.0,18.106468014486808
17.0,1.0,4.0,19.664198282212233
18.0,1.0,4.0,21.22770543823175
19.0,1.0,4.0,22.79531303005081
20.0,1.0,4.0,24.36882302586964
15.0,2.0,4.0,6.534246804679464
16.0,2.0,4.0,11.26221101678213
17.0,2.0,4.0,13.852458254736705
18.0,2.0,4.0,15.39298876538073
19.0,2.0,4.0,16.9398501266274
20.0,2.0,4.0,18.49290790013344
15.0,3.0,4.0,4.639637205783989
16.0,3.0,4.0,5.8559741365022075
17.0,3.0,4.0,7.0698628505055625
18.0,3.0,4.0,8.284865872581742
19.0,3.0,4.0,1.1023850481193918
20.0,3.0,4.0,5.830371615090636
15.0,4.0,4.0,0.11201846726893053
16.0,4.0,4.0,1.3779853613770152
17.0,4.0,4.0,2.6258238326512733
18.0,4.0,4.0,3.859191412837882
19.0,4.0,4.0,5.081165656170546
20.0,4.0,4.0,6.295299889222979
15.0,5.0,4.0,0.0
16.0,5.0,4.0,0.0
17.0,5.0,4.0,0.0
18.0,5.0,4.0,0.0
19.0,5.0,4.0,0.5448809437190185
20.0,5.0,4.0,1.8226894940299148
15.0,6.0,4.0,0.0
16.0,6.0,4.0,0.0
17.0,6.0,4.0,0.0
18.0,6.0,4.0,0.0
19.0,6.0,4.0,0.0
20.0,6.0,4.0,0.0
15.0,7.0,4.0,0.0
16.0,7.0,4.0,0.0
17.0,7.0,4.0,0.0
18.0,7.0,4.0,0.0
19.0,7.0,4.0,0.0
20.0,7.0,4.0,0.0
15.0,8.0,4.0,0.0
16.0,8.0,4.0,0.0
17.0,8.0,4.0,0.0
18.0,8.0,4.0,0.0
19.0,8.0,4.0,0.0
20.0,8.0,4.0,0.0
15.0,9.0,4.0,0.0
16.0,9.0,4.0,0.0
17.0,9.0,4.0,0.0
18.0,9.0,4.0,0.0
19.0,9.0,4.0,0.0
20.0,9.0,4.0,0.0
15.0,10.0,4.0,0.0
16.0,10.0,4.0,0.0
17.0,10.0,4.0,0.0
18.0,10.0,4.0,0.0
19.0,10.0,4.0,0.0
20.0,10.0,4.0,0.0
15.0,11.0,4.0,0.0
16.0,11.0,4.0,0.0
17.0,11.0,4.0,0.0
18.0,11.0,4.0,0.0
19.0,11.0,4.0,0.0
20.0,11.0,4.0,0.0
15.0,12.0,4.0,0.0
16.0,12.0,4.0,0.0
17.0,12.0,4.0,0.0
18.0,12.0,4.0,0.0
19.0,12.0,4.0,0.0
20.0,12.0,4.0,0.0
15.0,13.0,4.0,0.0
16.0,13.0,4.0,0.0
17.0,13.0,4.0,0.0
18.0,13.0,4.0,0.0
19.0,13.0,4.0,0.0
20.0,13.0,4.0,0.0
15.0,14.0,4.0,0.0
16.0,14.0,4.0,0.0
17.0,14.0,4.0,0.0
18.0,14.0,4.0,0.0
19.0,14.0,4.0,0.0
20.0,14.0,4.0,0.0
15.0,15.0,4.0,0.0
16.0,15.0,4.0,0.0
17.0,15.0,4.0,0.0
18.0,15.0,4.0,0.0
19.0,15.0,4.0,0.0
20.0,15.0,4.0,0.0
15.0,1.0,5.0,13.622128946672197
16.0,1.0,5.0,14.828346102270276
17.0,1.0,5.0,16.041669009939223
18.0,1.0,5.0,3.949678558111559
19.0,1.0,5.0,8.677631776093016
20.0,1.0,5.0,13.405518333604775
15.0,2.0,5.0,9.292356381459262
16.0,2.0,5.0,10.492177124405229
17.0,2.0,5.0,11.68711685239253
18.0,2.0,5.0,12.879827190475208
19.0,2.0,5.0,14.072535866498589
20.0,2.0,5.0,15.268105914867608
15.0,3.0,5.0,4.890063452803801
16.0,3.0,5.0,6.138971149902353
17.0,3.0,5.0,7.370366957466936
18.0,3.0,5.0,8.587078498562962
19.0,3.0,5.0,9.792162211926152
20.0,3.0,5.0,10.987853247397124
15.0,4.0,5.0,0.11061192786121238
16.0,4.0,5.0,1.4883184526613726
17.0,4.0,5.0,2.827786253790661
18.0,4.0,5.0,4.134386384388739
19.0,4.0,5.0,5.4130598419269855
20.0,4.0,5.0,6.667795239304423
15.0,5.0,5.0,0.0
16.0,5.0,5.0,0.0
17.0,5.0,5.0,0.0
18.0,5.0,5.0,0.0
19.0,5.0,5.0,0.5942965922798552
20.0,5.0,5.0,2.0016804696272072
15.0,6.0,5.0,0.0
16.0,6.0,5.0,0.0
17.0,6.0,5.0,0.0
18.0,6.0,5.0,0.0
19.0,6.0,5.0,0.0
20.0,6.0,5.0,0.0
15.0,7.0,5.0,0.0
16.0,7.0,5.0,0.0
17.0,7.0,5.0,0.0
18.0,7.0,5.0,0.0
19.0,7.0,5.0,0.0
20.0,7.0,5.0,0.0
15.0,8.0,5.0,0.0
16.0,8.0,5.0,0.0
17.0,8.0,5.0,0.0
18.0,8.0,5.0,0.0
19.0,8.0,5.0,0.0
20.0,8.0,5.0,0.0
15.0,9.0,5.0,0.0
16.0,9.0,5.0,0.0
17.0,9.0,5.0,0.0
18.0,9.0,5.0,0.0
19.0,9.0,5.0,0.0
20.0,9.0,5.0,0.0
15.0,10.0,5.0,0.0
16.0,10.0,5.0,0.0
17.0,10.0,5.0,0.0
18.0,10.0,5.0,0.0
19.0,10.0,5.0,0.0
20.0,10.0,5.0,0.0
15.0,11.0,5.0,0.0
16.0,11.0,5.0,0.0
17.0,11.0,5.0,0.0
18.0,11.0,5.0,0.0
19.0,11.0,5.0,0.0
20.0,11.0,5.0,0.0
15.0,12.0,5.0,0.0
16.0,12.0,5.0,0.0
17.0,12.0,5.0,0.0
18.0,12.0,5.0,0.0
19.0,12.0,5.0,0.0
20.0,12.0,5.0,0.19470772887967816
15.0,13.0,5.0,1.1535365394286239
16.0,13.0,5.0,1.4419528268169663
17.0,13.0,5.0,1.7303776043159147
18.0,13.0,5.0,2.0187284225963156
19.0,13.0,5.0,2.3071608256001714
20.0,13.0,5.0,2.5957128576116237
15.0,14.0,5.0,3.554397992990789
16.0,14.0,5.0,3.842796598813949
17.0,14.0,5.0,4.131309517203904
18.0,14.0,5.0,4.4197521419828645
19.0,14.0,5.0,4.708124568691133
20.0,14.0,5.0,4.996608420670482
15.0,15.0,5.0,5.955408759432099
16.0,15.0,5.0,6.2437451351050814
17.0,15.0,5.0,6.532203974474446
18.0,15.0,5.0,6.820580500203997
19.0,15.0,5.0,7.10909184898421
20.0,15.0,5.0,7.397519807096107
15.0,1.0,6.0,14.100306503678231
16.0,1.0,6.0,15.28010397799183
17.0,1.0,6.0,16.453680171803214
18.0,1.0,6.0,17.62296323217639
19.0,1.0,6.0,18.79004030045598
20.0,1.0,6.0,19.957524306271313
15.0,2.0,6.0,9.865112437943178
16.0,2.0,6.0,11.08949933203789
17.0,2.0,6.0,12.297972182232364
18.0,2.0,6.0,13.49244868785761
19.0,2.0,6.0,14.6752220489332
20.0,2.0,6.0,15.848551258568666
15.0,3.0,6.0,5.352446906213813
16.0,3.0,6.0,6.681757448935569
17.0,3.0,6.0,7.9790649518417895
18.0,3.0,6.0,9.248808461348576
19.0,3.0,6.0,10.49440944747386
20.0,3.0,6.0,11.718761857062637
15.0,4.0,6.0,0.11870794744489961
16.0,4.0,6.0,1.6924538286701971
17.0,4.0,6.0,3.189900392910487
18.0,4.0,6.0,4.625859396544346
19.0,4.0,6.0,6.010892604244884
20.0,4.0,6.0,7.3534301756652765
15.0,5.0,6.0,0.0
16.0,5.0,6.0,0.0
17.0,5.0,6.0,0.0
18.0,5.0,6.0,0.0
19.0,5.0,6.0,0.7071295566446189
20.0,5.0,6.0,2.3421338596013785
15.0,6.0,6.0,0.0
16.0,6.0,6.0,0.0
17.0,6.0,6.0,0.0
18.0,6.0,6.0,0.0
19.0,6.0,6.0,0.0
20.0,6.0,6.0,0.0
15.0,7.0,6.0,0.0
16.0,7.0,6.0,0.0
17.0,7.0,6.0,0.0
18.0,7.0,6.0,0.0
19.0,7.0,6.0,0.0
20.0,7.0,6.0,0.0
15.0,8.0,6.0,0.0
16.0,8.0,6.0,0.0
17.0,8.0,6.0,0.0
18.0,8.0,6.0,0.0
19.0,8.0,6.0,0.0
20.0,8.0,6.0,0.0
15.0,9.0,6.0,0.0
16.0,9.0,6.0,0.0
17.0,9.0,6.0,0.05106024752532207
18.0,9.0,6.0,0.3394745820539065
19.0,9.0,6.0,0.6278893774367522
20.0,9.0,6.0,0.9163122305822967
15.0,10.0,6.0,1.8751489800155323
16.0,10.0,6.0,2.163562230275268
17.0,10.0,6.0,2.452018829476466
18.0,10.0,6.0,2.740401874415685
19.0,10.0,6.0,3.028721428242482
20.0,10.0,6.0,3.3171583106371556
15.0,11.0,6.0,4.276104259161568
16.0,11.0,6.0,4.564375241757164
17.0,11.0,6.0,4.85297201014875
18.0,11.0,6.0,5.141309091887922
19.0,11.0,6.0,5.429760769964023
20.0,11.0,6.0,5.718144114827757
15.0,12.0,6.0,6.676873712870905
16.0,12.0,6.0,6.965300706012964
17.0,12.0,6.0,7.253840092628448
18.0,12.0,6.0,7.542119442245959
19.0,12.0,6.0,7.830524068823612
20.0,12.0,6.0,8.119053803161043
15.0,13.0,6.0,9.077899404398643
16.0,13.0,6.0,9.366271000272185
17.0,13.0,6.0,9.654787838560107
18.0,13.0,6.0,9.943220172268145
19.0,13.0,6.0,10.23156644715535
20.0,13.0,6.0,10.519865654644569
15.0,14.0,6.0,11.478767809546651
16.0,14.0,6.0,11.767298880575373
17.0,14.0,6.0,12.055571230351212
18.0,14.0,6.0,12.343947691208143
19.0,14.0,6.0,12.632475232996153
20.0,14.0,6.0,12.920912459471978
15.0,15.0,6.0,13.879617127370434
16.0,15.0,6.0,14.168122160818228
17.0,15.0,6.0,14.456534782625525
18.0,15.0,6.0,14.744910494740731
19.0,15.0,6.0,15.03338625372006
20.0,15.0,6.0,15.321796579177787
15.0,1.0,7.0,15.02206649626162
16.0,1.0,7.0,16.21829553261974
17.0,1.0,7.0,17.39982936655202
18.0,1.0,7.0,18.568819969598177
19.0,1.0,7.0,19.727349001305345
20.0,1.0,7.0,20.87607694805815
15.0,2.0,7.0,10.793655663859873
16.0,2.0,7.0,12.072247172274198
17.0,2.0,7.0,13.324775598961578
18.0,2.0,7.0,14.554312481088969
19.0,2.0,7.0,15.763430815936664
20.0,2.0,7.0,16.954396303488917
15.0,3.0,7.0,6.118341195089347
16.0,3.0,7.0,7.563078447069394
17.0,3.0,7.0,8.956220557053355
18.0,3.0,7.0,10.305713206143036
19.0,3.0,7.0,11.617581086107139
20.0,3.0,7.0,12.89698242574874
15.0,4.0,7.0,0.1933412585744569
16.0,4.0,7.0,2.1219322735208386
17.0,4.0,7.0,3.867375707968259
18.0,4.0,7.0,5.489259684725354
19.0,4.0,7.0,7.019817702482925
20.0,4.0,7.0,8.478749865651245
15.0,5.0,7.0,0.0
16.0,5.0,7.0,0.0
17.0,5.0,7.0,0.0
18.0,5.0,7.0,0.0
19.0,5.0,7.0,1.0629242870055193
20.0,5.0,7.0,3.0978903359123455
15.0,6.0,7.0,0.19583137161072217
16.0,6.0,7.0,0.4842377310819021
17.0,6.0,7.0,0.7726534019382363
18.0,6.0,7.0,1.061080793599408
19.0,6.0,7.0,1.3494970973793592
20.0,6.0,7.0,1.6379038157945398
15.0,7.0,7.0,2.5967575799154705
16.0,7.0,7.0,2.8851465946539023
17.0,7.0,7.0,3.1734753377947857
18.0,7.0,7.0,3.461925191691225
19.0,7.0,7.0,3.7503086515015895
20.0,7.0,7.0,4.038818627233584
15.0,8.0,7.0,4.99770640870055
16.0,8.0,7.0,5.286058101561653
17.0,8.0,7.0,5.574528155940593
18.0,8.0,7.0,5.862932780775951
19.0,8.0,7.0,6.151272064051439
20.0,8.0,7.0,6.439726776061813
15.0,9.0,7.0,7.398475951948483
16.0,9.0,7.0,7.686971753207748
17.0,9.0,7.0,7.975403089139592
18.0,9.0,7.0,8.263770046229258
19.0,9.0,7.0,8.552249665239904
20.0,9.0,7.0,8.840680903409739
15.0,10.0,7.0,9.799425710241888
16.0,10.0,7.0,10.08789037863307
17.0,10.0,7.0,10.37627150206001
18.0,10.0,7.0,10.664802757861183
19.0,10.0,7.0,10.953055564707274
20.0,10.0,7.0,11.241631539796678
15.0,11.0,7.0,12.200310335574645
16.0,11.0,7.0,12.488751455265291
17.0,11.0,7.0,12.77729965166948
18.0,11.0,7.0,13.065590101190164
19.0,11.0,7.0,13.354011347027663
20.0,11.0,7.0,13.64256321408685
15.0,12.0,7.0,14.601310626198893
16.0,12.0,7.0,14.889707313654805
17.0,12.0,7.0,15.178041571894706
18.0,12.0,7.0,15.466507967995769
19.0,12.0,7.0,15.754911928399665
20.0,12.0,7.0,16.04341667298175
15.0,13.0,7.0,16.37280333911958
16.0,13.0,7.0,17.29055501726326
17.0,13.0,7.0,17.579072699530567
18.0,13.0,7.0,17.867528900748937
19.0,13.0,7.0,18.155888354126752
20.0,13.0,7.0,18.444380007511878
15.0,14.0,7.0,16.363433920395053
16.0,14.0,7.0,17.646381180733993
17.0,14.0,7.0,18.921978285774507
18.0,14.0,7.0,20.190748930475547
19.0,14.0,7.0,20.556158950469833
20.0,14.0,7.0,20.84519011125231
15.0,15.0,7.0,16.421826121150584
16.0,15.0,7.0,17.700513321926177
17.0,15.0,7.0,18.971387914824415
18.0,15.0,7.0,20.235234355156983
19.0,15.0,7.0,21.48979508140695
20.0,15.0,7.0,22.739339897400658
15.0,1.0,8.0,16.39241864899412
16.0,1.0,8.0,17.62196453803376
17.0,1.0,8.0,18.830314447181568
18.0,1.0,8.0,20.01900318264685
19.0,1.0,8.0,21.19141379044089
20.0,1.0,8.0,22.349225215282292
15.0,2.0,8.0,12.195051092741654
16.0,2.0,8.0,13.537780685978237
17.0,2.0,8.0,14.844478673627748
18.0,2.0,8.0,16.11922399953579
19.0,2.0,8.0,17.36595249419034
20.0,2.0,8.0,18.587600536452076
15.0,3.0,8.0,7.446626914079323
16.0,3.0,8.0,9.017882591085268
17.0,3.0,8.0,10.51137244565723
18.0,3.0,8.0,11.942310858847573
19.0,3.0,8.0,13.321431475894869
20.0,3.0,8.0,14.656710756022125
15.0,4.0,8.0,3.3184258993029383
16.0,4.0,8.0,3.606673890500658
17.0,4.0,8.0,5.344803490737434
18.0,4.0,8.0,7.149869427381835
19.0,4.0,8.0,8.809218602432257
20.0,4.0,8.0,10.365120841119321
15.0,5.0,8.0,5.719300157215573
16.0,5.0,8.0,6.007705577694667
17.0,5.0,8.0,6.296048615674123
18.0,5.0,8.0,6.584510873789426
19.0,5.0,8.0,6.872909634037859
20.0,5.0,8.0,7.161244981479037
15.0,6.0,8.0,8.120111154848994
16.0,6.0,8.0,8.408487960326148
17.0,6.0,8.0,8.696981201872998
18.0,6.0,8.0,8.985411914900242
19.0,6.0,8.0,9.273780182970123
20.0,6.0,8.0,9.562280527783287
15.0,7.0,8.0,10.521025657039583
16.0,7.0,8.0,10.80955595179106
17.0,7.0,8.0,11.097829690150732
18.0,7.0,8.0,11.386214840788291
19.0,7.0,8.0,11.674755059060525
20.0,7.0,8.0,11.963210493928136
15.0,8.0,8.0,12.921990723094334
16.0,8.0,8.0,13.21047788191575
17.0,8.0,8.0,13.498734493641221
18.0,8.0,8.0,13.78732126299351
19.0,8.0,8.0,14.075624923171182
20.0,8.0,8.0,14.364062247065224
15.0,9.0,8.0,15.322964282568055
16.0,9.0,8.0,15.611271894035896
17.0,9.0,8.0,15.89968470547736
18.0,9.0,8.0,16.188037028709957
19.0,9.0,8.0,16.476524362837637
20.0,9.0,8.0,16.764951196310573
15.0,10.0,8.0,17.398473450069503
16.0,10.0,8.0,18.012244641989245
17.0,10.0,8.0,18.300652314442985
18.0,10.0,8.0,18.589000540417768
19.0,10.0,8.0,18.877448169365273
20.0,10.0,8.0,19.165872734848946
15.0,11.0,8.0,17.3076885315111
16.0,11.0,8.0,18.620385090973326
17.0,11.0,8.0,19.92682185142678
18.0,11.0,8.0,20.990704788798684
19.0,11.0,8.0,21.279348290556406
20.0,11.0,8.0,21.567736171413344
15.0,12.0,8.0,17.268084319744816
16.0,12.0,8.0,18.57925215934958
17.0,12.0,8.0,19.88242275151196
18.0,12.0,8.0,21.17969153539016
19.0,12.0,8.0,22.46992493011276
20.0,12.0,8.0,23.75313225422229
15.0,13.0,8.0,17.28655726339507
16.0,13.0,8.0,18.5961948860907
17.0,13.0,8.0,19.896845746805703
18.0,13.0,8.0,21.19214155894224
19.0,13.0,8.0,22.478471157249025
20.0,13.0,8.0,23.75777251967204
15.0,14.0,8.0,17.3716903011498
16.0,14.0,8.0,18.67916715958831
17.0,14.0,8.0,19.978202730374083
18.0,14.0,8.0,21.26758426955225
19.0,14.0,8.0,22.549965541006202
20.0,14.0,8.0,23.8252695473494
15.0,15.0,8.0,17.533070455479344
16.0,15.0,8.0,18.837712153076033
17.0,15.0,8.0,20.13275777331699
18.0,15.0,8.0,21.420116008365227
19.0,15.0,8.0,22.696481641072566
20.0,15.0,8.0,23.965811561463887
15.0,1.0,9.0,18.32165128046887
16.0,1.0,9.0,19.583537491191116
17.0,1.0,9.0,20.817804696250104
18.0,1.0,9.0,22.02948186346597
19.0,1.0,9.0,23.220586801832535
20.0,1.0,9.0,24.391099401963057
15.0,2.0,9.0,14.305469439168798
16.0,2.0,9.0,15.693098149313958
17.0,2.0,9.0,17.037284571625108
18.0,2.0,9.0,18.343555885455327
19.0,2.0,9.0,19.616610174786402
20.0,2.0,9.0,20.860859298002516
15.0,3.0,9.0,9.890084057976694
16.0,3.0,9.0,11.499721954619861
17.0,3.0,9.0,13.024969956980744
18.0,3.0,9.0,14.48254949526567
19.0,3.0,9.0,15.88405649732981
20.0,3.0,9.0,17.23819129265423
15.0,4.0,9.0,11.24275562775404
16.0,4.0,9.0,11.531145329181145
17.0,4.0,9.0,11.819498703340344
18.0,4.0,9.0,12.107965978490663
19.0,4.0,9.0,12.396373741943446
20.0,4.0,9.0,13.529026006440436
15.0,5.0,9.0,13.643642679881241
16.0,5.0,9.0,13.932021101504837
17.0,5.0,9.0,14.220341079305749
18.0,5.0,9.0,14.508798919954161
19.0,5.0,9.0,14.7971692747051
20.0,5.0,9.0,15.085705771293126
15.0,6.0,9.0,16.04445817582154
16.0,6.0,9.0,16.332833058280404
17.0,6.0,9.0,16.621347159223845
18.0,6.0,9.0,16.90977053510365
19.0,6.0,9.0,17.198169174557027
20.0,6.0,9.0,17.4864761381152
15.0,7.0,9.0,18.44207854251331
16.0,7.0,9.0,18.733772246059047
17.0,7.0,9.0,19.022292410419794
18.0,7.0,9.0,19.310718116776396
19.0,7.0,9.0,19.599086346546947
20.0,7.0,9.0,19.887397175686754
15.0,8.0,9.0,18.289517575977687
16.0,8.0,9.0,19.62489962533368
17.0,8.0,9.0,20.95354918611485
18.0,8.0,9.0,21.711147513192465
19.0,8.0,9.0,21.999089692840297
20.0,8.0,9.0,22.288791201865507
15.0,9.0,9.0,18.17658861553972
16.0,9.0,9.0,19.512257773861016
17.0,9.0,9.0,20.841027909833716
18.0,9.0,9.0,22.162469498471964
19.0,9.0,9.0,23.47884772493162
20.0,9.0,9.0,24.68948295484805
15.0,10.0,9.0,18.108349963571857
16.0,10.0,9.0,19.444318013159847
17.0,10.0,9.0,20.773538365374538
18.0,10.0,9.0,22.09313361066734
19.0,10.0,9.0,23.40757722484634
20.0,10.0,9.0,24.71489274277824
15.0,11.0,9.0,18.0907910259842
16.0,11.0,9.0,19.42683301457691
17.0,11.0,9.0,20.75532998141787
18.0,11.0,9.0,22.074941535463864
19.0,11.0,9.0,23.387414419995686
20.0,11.0,9.0,24.6928479572658
15.0,12.0,9.0,18.130694138859543
16.0,12.0,9.0,19.466741298272357
17.0,12.0,9.0,20.794479671764268
18.0,12.0,9.0,22.112091446884378
19.0,12.0,9.0,23.422648368878964
20.0,12.0,9.0,24.726069468386534
15.0,13.0,9.0,18.23547778288219
16.0,13.0,9.0,19.57109887029796
17.0,13.0,9.0,20.897248406428332
18.0,13.0,9.0,22.214851477282657
19.0,13.0,9.0,23.523362556381425
20.0,13.0,9.0,24.82279355151092
15.0,14.0,9.0,18.412965238676627
16.0,14.0,9.0,19.747959386820625
17.0,14.0,9.0,21.071840069728708
18.0,14.0,9.0,22.387406561668303
19.0,14.0,9.0,23.69387442664085
20.0,14.0,9.0,24.991205877852124
15.0,15.0,9.0,18.347758267491937
16.0,15.0,9.0,19.841530937156687
17.0,15.0,9.0,21.328582133575676
18.0,15.0,9.0,22.640073627551367
19.0,15.0,9.0,23.944405173186247
20.0,15.0,9.0,25.23764788306291
15.0,1.0,10.0,18.916312504314043
16.0,1.0,10.0,20.12068071651465
17.0,1.0,10.0,21.321663330128153
18.0,1.0,10.0,22.52356051877456
19.0,1.0,10.0,23.72238704304875
20.0,1.0,10.0,24.920156715199052
15.0,2.0,10.0,17.441008411992073
16.0,2.0,10.0,18.8080304349457
17.0,2.0,10.0,20.136320760302006
18.0,2.0,10.0,21.429360433005634
19.0,2.0,10.0,22.693620352096154
20.0,2.0,10.0,23.927160214025996
15.0,3.0,10.0,16.766098690899593
16.0,3.0,10.0,17.05453179373616
17.0,3.0,10.0,17.34290943156081
18.0,3.0,10.0,18.270499640461157
19.0,3.0,10.0,19.595360427782143
20.0,3.0,10.0,20.888228339540785
15.0,4.0,10.0,19.167039767977208
16.0,4.0,10.0,19.455484070265484
17.0,4.0,10.0,19.743873955900398
18.0,4.0,10.0,20.031972016571636
19.0,4.0,10.0,20.31985729626253
20.0,4.0,10.0,20.6094270436957
15.0,5.0,10.0,19.296853299472243
16.0,5.0,10.0,20.650880533079487
17.0,5.0,10.0,21.997736197644613
18.0,5.0,10.0,22.433973143431196
19.0,5.0,10.0,22.721195952489882
20.0,5.0,10.0,23.010191556924635
15.0,6.0,10.0,19.127535448591594
16.0,6.0,10.0,20.481286396389955
17.0,6.0,10.0,21.830281276305133
18.0,6.0,10.0,23.172145005992967
19.0,6.0,10.0,24.50688692119712
20.0,6.0,10.0,25.41016922268595
15.0,7.0,10.0,18.99345286660962
16.0,7.0,10.0,20.348935509986493
17.0,7.0,10.0,21.698025048265333
18.0,7.0,10.0,23.040018443144238
19.0,7.0,10.0,24.37682264972546
20.0,7.0,10.0,25.706501882416482
15.0,8.0,10.0,18.898913621878233
16.0,8.0,10.0,20.25586778703449
17.0,8.0,10.0,21.607101609730066
18.0,8.0,10.0,22.949155578555576
19.0,8.0,10.0,24.284071511278587
20.0,8.0,10.0,25.61384738681086
15.0,9.0,10.0,18.848925171154267
16.0,9.0,10.0,20.208368247583934
17.0,9.0,10.0,21.557655260985236
18.0,9.0,10.0,22.90178286661989
19.0,9.0,10.0,24.23677278722887
20.0,9.0,10.0,25.566569275902655
15.0,10.0,10.0,18.84868559137893
16.0,10.0,10.0,20.208599744245525
17.0,10.0,10.0,21.559902376282707
18.0,10.0,10.0,22.90408552349201
19.0,10.0,10.0,24.23907425773198
20.0,10.0,10.0,25.56691818705857
15.0,11.0,10.0,18.904586211935882
16.0,11.0,10.0,20.26674137292765
17.0,11.0,10.0,21.618075335232184
18.0,11.0,10.0,22.962238763298004
19.0,11.0,10.0,24.29724252876779
20.0,11.0,10.0,25.623098543156953
15.0,12.0,10.0,19.022767735416295
16.0,12.0,10.0,20.38509635425017
17.0,12.0,10.0,21.73843367894745
18.0,12.0,10.0,23.082544926665665
19.0,12.0,10.0,24.415530350791865
20.0,12.0,10.0,25.741310532191147
15.0,13.0,10.0,18.89722831281273
16.0,13.0,10.0,20.391287942647494
17.0,13.0,10.0,21.885099715728426
18.0,13.0,10.0,23.271296595231842
19.0,13.0,10.0,24.604227717890232
20.0,13.0,10.0,25.927944317330308
15.0,14.0,10.0,18.72217463170976
16.0,14.0,10.0,20.216557155290413
17.0,14.0,10.0,21.708644078693585
18.0,14.0,10.0,23.203459030451278
19.0,14.0,10.0,24.696983687906247
20.0,14.0,10.0,26.18921972097204
15.0,15.0,10.0,18.547092715325146
16.0,15.0,10.0,20.04078288648629
17.0,15.0,10.0,21.533589139441155
18.0,15.0,10.0,23.028730604076788
19.0,15.0,10.0,24.522536287242172
20.0,15.0,10.0,26.015103469618232
21.0,1.0,0.0,28.743233622659396
22.0,1.0,0.0,30.414985324858307
23.0,1.0,0.0,32.08504932477732
24.0,1.0,0.0,33.75708443171202
25.0,1.0,0.0,35.429136411477664
21.0,2.0,0.0,22.606385343550546
22.0,2.0,0.0,24.27865259610411
23.0,2.0,0.0,25.949245649068697
24.0,2.0,0.0,27.621758594175898
25.0,2.0,0.0,29.292638857828475
21.0,3.0,0.0,16.470542130258046
22.0,3.0,0.0,18.142906995790987
23.0,3.0,0.0,19.813996860796617
24.0,3.0,0.0,21.48523657061544
25.0,3.0,0.0,23.156625906264114
21.0,4.0,0.0,10.334361690168993
22.0,4.0,0.0,12.005764079370232
23.0,4.0,0.0,13.677346671752948
24.0,4.0,0.0,15.34888527400006
25.0,4.0,0.0,17.020371020046905
21.0,5.0,0.0,4.1981601660032855
22.0,5.0,0.0,5.869648324871645
23.0,5.0,0.0,7.54111240067851
24.0,5.0,0.0,9.212559920902622
25.0,5.0,0.0,10.884149876470536
21.0,6.0,0.0,0.0
22.0,6.0,0.0,0.0
23.0,6.0,0.0,1.4049295585718193
24.0,6.0,0.0,3.076392278003322
25.0,6.0,0.0,4.74788264303327
21.0,7.0,0.0,0.0
22.0,7.0,0.0,0.0
23.0,7.0,0.0,0.0
24.0,7.0,0.0,0.0
25.0,7.0,0.0,0.0
21.0,8.0,0.0,0.0
22.0,8.0,0.0,0.0
23.0,8.0,0.0,0.0
24.0,8.0,0.0,0.0
25.0,8.0,0.0,0.0
21.0,9.0,0.0,0.0
22.0,9.0,0.0,0.0
23.0,9.0,0.0,0.0
24.0,9.0,0.0,0.0
25.0,9.0,0.0,0.0
21.0,10.0,0.0,0.0
22.0,10.0,0.0,0.0
23.0,10.0,0.0,0.0
24.0,10.0,0.0,0.0
25.0,10.0,0.0,0.0
21.0,11.0,0.0,0.0
22.0,11.0,0.0,0.0
23.0,11.0,0.0,0.0
24.0,11.0,0.0,0.0
25.0,11.0,0.0,0.0
21.0,12.0,0.0,0.0
22.0,12.0,0.0,0.0
23.0,12.0,0.0,0.0
24.0,12.0,0.0,0.0
25.0,12.0,0.0,0.0
21.0,13.0,0.0,0.0
22.0,13.0,0.0,0.0
23.0,13.0,0.0,0.0
24.0,13.0,0.0,0.0
25.0,13.0,0.0,0.0
21.0,14.0,0.0,0.0
22.0,14.0,0.0,0.0
23.0,14.0,0.0,0.0
24.0,14.0,0.0,0.0
25.0,14.0,0.0,0.0
21.0,15.0,0.0,0.0
22.0,15.0,0.0,0.0
23.0,15.0,0.0,0.0
24.0,15.0,0.0,0.0
25.0,15.0,0.0,0.0
21.0,1.0,1.0,28.021534320323017
22.0,1.0,1.0,29.672478117376954
23.0,1.0,1.0,31.323672571527943
24.0,1.0,1.0,32.97679994409193
25.0,1.0,1.0,34.63005749288055
21.0,2.0,1.0,21.96553819163584
22.0,2.0,1.0,23.607829750536744
23.0,2.0,1.0,25.25392196299276
24.0,2.0,1.0,26.902014420255128
25.0,2.0,1.0,28.550310189055654
21.0,3.0,1.0,15.933029171452956
22.0,3.0,1.0,17.568965920604384
23.0,3.0,1.0,19.207074131967243
24.0,3.0,1.0,20.848240772370147
25.0,3.0,1.0,22.489658171571925
21.0,4.0,1.0,9.937275468540347
22.0,4.0,1.0,11.56258168020117
23.0,4.0,1.0,13.190828471664187
24.0,4.0,1.0,14.822011601166238
25.0,4.0,1.0,16.455917214615244
21.0,5.0,1.0,3.9926008085639864
22.0,5.0,1.0,5.603062256247291
23.0,5.0,1.0,7.217572089094866
24.0,5.0,1.0,8.835763711009935
25.0,5.0,1.0,10.457793267332445
21.0,6.0,1.0,0.0
22.0,6.0,1.0,0.0
23.0,6.0,1.0,1.3076291775730668
24.0,6.0,1.0,2.9077183815212715
25.0,6.0,1.0,4.512898122530358
21.0,7.0,1.0,0.0
22.0,7.0,1.0,0.0
23.0,7.0,1.0,0.0
24.0,7.0,1.0,0.0
25.0,7.0,1.0,0.0
21.0,8.0,1.0,0.0
22.0,8.0,1.0,0.0
23.0,8.0,1.0,0.0
24.0,8.0,1.0,0.0
25.0,8.0,1.0,0.0
21.0,9.0,1.0,0.0
22.0,9.0,1.0,0.0
23.0,9.0,1.0,0.0
24.0,9.0,1.0,0.0
25.0,9.0,1.0,0.0
21.0,10.0,1.0,0.0
22.0,10.0,1.0,0.0
23.0,10.0,1.0,0.0
24.0,10.0,1.0,0.0
25.0,10.0,1.0,0.0
21.0,11.0,1.0,0.0
22.0,11.0,1.0,0.0
23.0,11.0,1.0,0.0
24.0,11.0,1.0,0.0
25.0,11.0,1.0,0.0
21.0,12.0,1.0,0.0
22.0,12.0,1.0,0.0
23.0,12.0,1.0,0.0
24.0,12.0,1.0,0.0
25.0,12.0,1.0,0.0
21.0,13.0,1.0,0.0
22.0,13.0,1.0,0.0
23.0,13.0,1.0,0.0
24.0,13.0,1.0,0.0
25.0,13.0,1.0,0.0
21.0,14.0,1.0,0.0
22.0,14.0,1.0,0.0
23.0,14.0,1.0,0.0
24.0,14.0,1.0,0.0
25.0,14.0,1.0,0.0
21.0,15.0,1.0,0.0
22.0,15.0,1.0,0.0
23.0,15.0,1.0,0.0
24.0,15.0,1.0,0.0
25.0,15.0,1.0,0.0
21.0,1.0,2.0,27.413782158824013
22.0,1.0,2.0,29.039497632462457
23.0,1.0,2.0,30.669043943380224
24.0,1.0,2.0,32.298784584819174
25.0,1.0,2.0,33.93245369021091
21.0,2.0,2.0,21.427533335755548
22.0,2.0,2.0,23.044252736856823
23.0,2.0,2.0,24.664873517657437
24.0,2.0,2.0,26.285714285714285
25.0,2.0,2.0,27.910442889935705
21.0,3.0,2.0,15.484415686031895
22.0,3.0,2.0,17.08847061134442
23.0,3.0,2.0,18.69536051832178
24.0,3.0,2.0,20.307224909420622
25.0,3.0,2.0,21.92118181867714
21.0,4.0,2.0,9.60082819810411
22.0,4.0,2.0,11.187381813809612
23.0,4.0,2.0,12.778618420453656
24.0,4.0,2.0,14.374323180664126
25.0,4.0,2.0,15.974146226990015
21.0,5.0,2.0,3.8049163418619303
22.0,5.0,2.0,5.36617855024862
23.0,5.0,2.0,6.934337188985311
24.0,5.0,2.0,8.508477851487656
25.0,5.0,2.0,10.088409789944752
21.0,6.0,2.0,0.0
22.0,6.0,2.0,0.0
23.0,6.0,2.0,1.2030683678241554
24.0,6.0,2.0,2.7448087471606057
25.0,6.0,2.0,4.295215290046577
21.0,7.0,2.0,0.0
22.0,7.0,2.0,0.0
23.0,7.0,2.0,0.0
24.0,7.0,2.0,0.0
25.0,7.0,2.0,0.0
21.0,8.0,2.0,0.0
22.0,8.0,2.0,0.0
23.0,8.0,2.0,0.0
24.0,8.0,2.0,0.0
25.0,8.0,2.0,0.0
21.0,9.0,2.0,0.0
22.0,9.0,2.0,0.0
23.0,9.0,2.0,0.0
24.0,9.0,2.0,0.0
25.0,9.0,2.0,0.0
21.0,10.0,2.0,0.0
22.0,10.0,2.0,0.0
23.0,10.0,2.0,0.0
24.0,10.0,2.0,0.0
25.0,10.0,2.0,0.0
21.0,11.0,2.0,0.0
22.0,11.0,2.0,0.0
23.0,11.0,2.0,0.0
24.0,11.0,2.0,0.0
25.0,11.0,2.0,0.0
21.0,12.0,2.0,0.0
22.0,12.0,2.0,0.0
23.0,12.0,2.0,0.0
24.0,12.0,2.0,0.0
25.0,12.0,2.0,0.0
21.0,13.0,2.0,0.0
22.0,13.0,2.0,0.0
23.0,13.0,2.0,0.0
24.0,13.0,2.0,0.0
25.0,13.0,2.0,0.0
21.0,14.0,2.0,0.0
22.0,14.0,2.0,0.0
23.0,14.0,2.0,0.0
24.0,14.0,2.0,0.0
25.0,14.0,2.0,0.0
21.0,15.0,2.0,0.0
22.0,15.0,2.0,0.0
23.0,15.0,2.0,0.0
24.0,15.0,2.0,0.0
25.0,15.0,2.0,0.0
21.0,1.0,3.0,26.74843567288976
22.0,1.0,3.0,28.351591983292423
23.0,1.0,3.0,29.958672011045213
24.0,1.0,3.0,31.567888897429984
25.0,1.0,3.0,33.179239605076134
21.0,2.0,3.0,20.82369528341374
22.0,2.0,3.0,22.41391332430538
23.0,2.0,3.0,24.00629456818382
24.0,2.0,3.0,25.604502374012355
25.0,2.0,3.0,27.204863783284587
21.0,3.0,3.0,14.959528091292565
22.0,3.0,3.0,16.53013925979294
23.0,3.0,3.0,18.10609776484485
24.0,3.0,3.0,19.68766353595725
25.0,3.0,3.0,21.271441208966678
21.0,4.0,3.0,9.182177495699452
22.0,4.0,3.0,10.725870289574933
23.0,4.0,3.0,12.276940967788233
24.0,4.0,3.0,13.8348273566271
25.0,4.0,3.0,15.399123863237365
21.0,5.0,3.0,2.9829710539277627
22.0,5.0,3.0,5.045802202341002
23.0,5.0,3.0,6.557658034564043
24.0,5.0,3.0,8.080605257873822
25.0,5.0,3.0,9.61334857917249
21.0,6.0,3.0,0.0
22.0,6.0,3.0,0.0
23.0,6.0,3.0,0.9347586909649408
24.0,6.0,3.0,2.160283117391128
25.0,6.0,3.0,3.382015820117627
21.0,7.0,3.0,0.0
22.0,7.0,3.0,0.0
23.0,7.0,3.0,0.0
24.0,7.0,3.0,0.0
25.0,7.0,3.0,0.0
21.0,8.0,3.0,0.0
22.0,8.0,3.0,0.0
23.0,8.0,3.0,0.0
24.0,8.0,3.0,0.0
25.0,8.0,3.0,0.0
21.0,9.0,3.0,0.0
22.0,9.0,3.0,0.0
23.0,9.0,3.0,0.0
24.0,9.0,3.0,0.0
25.0,9.0,3.0,0.0
21.0,10.0,3.0,0.0
22.0,10.0,3.0,0.0
23.0,10.0,3.0,0.0
24.0,10.0,3.0,0.0
25.0,10.0,3.0,0.0
21.0,11.0,3.0,0.0
22.0,11.0,3.0,0.0
23.0,11.0,3.0,0.0
24.0,11.0,3.0,0.0
25.0,11.0,3.0,0.0
21.0,12.0,3.0,0.0
22.0,12.0,3.0,0.0
23.0,12.0,3.0,0.0
24.0,12.0,3.0,0.0
25.0,12.0,3.0,0.0
21.0,13.0,3.0,0.0
22.0,13.0,3.0,0.0
23.0,13.0,3.0,0.0
24.0,13.0,3.0,0.0
25.0,13.0,3.0,0.0
21.0,14.0,3.0,0.0
22.0,14.0,3.0,0.0
23.0,14.0,3.0,0.0
24.0,14.0,3.0,0.0
25.0,14.0,3.0,0.0
21.0,15.0,3.0,0.0
22.0,15.0,3.0,0.0
23.0,15.0,3.0,0.0
24.0,15.0,3.0,0.0
25.0,15.0,3.0,0.0
21.0,1.0,4.0,25.946414449986015
22.0,1.0,4.0,27.52808156797702
23.0,1.0,4.0,29.113818656157196
24.0,1.0,4.0,30.701770608709154
25.0,1.0,4.0,32.29557167468926
21.0,2.0,4.0,20.05227317836877
22.0,2.0,4.0,21.617001394286394
23.0,2.0,4.0,23.185864980466867
24.0,2.0,4.0,24.758775138974045
25.0,2.0,4.0,26.337617709247514
21.0,3.0,4.0,10.558184557816682
22.0,3.0,4.0,15.286232678029558
23.0,3.0,4.0,17.299946169695396
24.0,3.0,4.0,18.855917266253787
25.0,3.0,4.0,20.41785199004514
21.0,4.0,4.0,7.504768639565286
22.0,4.0,4.0,8.7129103300497
23.0,4.0,4.0,9.923642833637311
24.0,4.0,4.0,0.3983884575502027
25.0,4.0,4.0,5.126223835324842
21.0,5.0,4.0,3.078437147021655
22.0,5.0,4.0,4.315927535043857
23.0,5.0,4.0,5.539044256488753
24.0,5.0,4.0,6.751157734860104
25.0,5.0,4.0,7.956175454459198
21.0,6.0,4.0,0.0
22.0,6.0,4.0,0.0
23.0,6.0,4.0,0.9938860165476695
24.0,6.0,4.0,2.286175563667277
25.0,6.0,4.0,3.551310265407241
21.0,7.0,4.0,0.0
22.0,7.0,4.0,0.0
23.0,7.0,4.0,0.0
24.0,7.0,4.0,0.0
25.0,7.0,4.0,0.0
21.0,8.0,4.0,0.0
22.0,8.0,4.0,0.0
23.0,8.0,4.0,0.0
24.0,8.0,4.0,0.0
25.0,8.0,4.0,0.0
21.0,9.0,4.0,0.0
22.0,9.0,4.0,0.0
23.0,9.0,4.0,0.0
24.0,9.0,4.0,0.0
25.0,9.0,4.0,0.0
21.0,10.0,4.0,0.0
22.0,10.0,4.0,0.0
23.0,10.0,4.0,0.0
24.0,10.0,4.0,0.0
25.0,10.0,4.0,0.0
21.0,11.0,4.0,0.0
22.0,11.0,4.0,0.0
23.0,11.0,4.0,0.0
24.0,11.0,4.0,0.0
25.0,11.0,4.0,0.0
21.0,12.0,4.0,0.0
22.0,12.0,4.0,0.0
23.0,12.0,4.0,0.0
24.0,12.0,4.0,0.0
25.0,12.0,4.0,0.0
21.0,13.0,4.0,0.0
22.0,13.0,4.0,0.0
23.0,13.0,4.0,0.0
24.0,13.0,4.0,0.0
25.0,13.0,4.0,0.0
21.0,14.0,4.0,0.0
22.0,14.0,4.0,0.0
23.0,14.0,4.0,0.0
24.0,14.0,4.0,0.0
25.0,14.0,4.0,0.0
21.0,15.0,4.0,0.0
22.0,15.0,4.0,0.049938766664079794
23.0,15.0,4.0,0.3383603033966576
24.0,15.0,4.0,0.6267681810617407
25.0,15.0,4.0,0.915177474415633
21.0,1.0,5.0,18.133491507790527
22.0,1.0,5.0,22.862315520153214
23.0,1.0,5.0,27.588811183582056
24.0,1.0,5.0,29.541738683608166
25.0,1.0,5.0,31.126733205833133
21.0,2.0,5.0,16.46910216068413
22.0,2.0,5.0,17.678727979798737
23.0,2.0,5.0,3.2457927336184365
24.0,2.0,5.0,7.973641411655498
25.0,2.0,5.0,12.701586879946724
21.0,3.0,5.0,12.176620977823829
22.0,3.0,5.0,13.361264285218422
23.0,3.0,5.0,14.544462302171496
24.0,3.0,5.0,15.728601581332924
25.0,3.0,5.0,16.91670367101913
21.0,4.0,5.0,7.902009814059298
22.0,4.0,5.0,9.118909451719109
23.0,4.0,5.0,10.321367592006476
24.0,4.0,5.0,11.512371697266568
25.0,4.0,5.0,12.69458201109833
21.0,5.0,5.0,3.3629665059156504
22.0,5.0,5.0,4.68517371770379
23.0,5.0,5.0,5.974361193367173
24.0,5.0,5.0,7.2354701071677745
25.0,5.0,5.0,8.472282525952533
21.0,6.0,5.0,0.0
22.0,6.0,5.0,0.0
23.0,6.0,5.0,1.1182254314129692
24.0,6.0,5.0,2.5609200251628237
25.0,6.0,5.0,3.947009245331682
21.0,7.0,5.0,0.0
22.0,7.0,5.0,0.0
23.0,7.0,5.0,0.0
24.0,7.0,5.0,0.0
25.0,7.0,5.0,0.0
21.0,8.0,5.0,0.0
22.0,8.0,5.0,0.0
23.0,8.0,5.0,0.0
24.0,8.0,5.0,0.0
25.0,8.0,5.0,0.0
21.0,9.0,5.0,0.0
22.0,9.0,5.0,0.0
23.0,9.0,5.0,0.0
24.0,9.0,5.0,0.0
25.0,9.0,5.0,0.0
21.0,10.0,5.0,0.0
22.0,10.0,5.0,0.0
23.0,10.0,5.0,0.0
24.0,10.0,5.0,0.0
25.0,10.0,5.0,0.0
21.0,11.0,5.0,0.0
22.0,11.0,5.0,0.0
23.0,11.0,5.0,0.0
24.0,11.0,5.0,0.0
25.0,11.0,5.0,0.0
21.0,12.0,5.0,0.4831207601988458
22.0,12.0,5.0,0.7715363930645078
23.0,12.0,5.0,1.0599570105191076
24.0,12.0,5.0,1.3483601102766423
25.0,12.0,5.0,1.636785191660807
21.0,13.0,5.0,2.8839974752627233
22.0,13.0,5.0,3.172406694761641
23.0,13.0,5.0,3.460928807669446
24.0,13.0,5.0,3.7491882915942236
25.0,13.0,5.0,4.0377565354438625
21.0,14.0,5.0,5.285031092912038
22.0,14.0,5.0,5.573373040872038
23.0,14.0,5.0,5.861834723738141
24.0,14.0,5.0,6.150213519941561
25.0,14.0,5.0,6.438532442402463
21.0,15.0,5.0,7.685877534780603
22.0,15.0,5.0,7.974356326981686
23.0,15.0,5.0,8.262764906326026
24.0,15.0,5.0,8.551087033347406
25.0,15.0,5.0,8.839528991249258
21.0,1.0,6.0,21.126055026795083
22.0,1.0,6.0,22.297253891296872
23.0,1.0,6.0,23.47493205867411
24.0,1.0,6.0,24.662856021021472
25.0,1.0,6.0,25.859076054552176
21.0,2.0,6.0,17.013989469558847
22.0,2.0,6.0,18.174007664285377
23.0,2.0,6.0,19.329748215795576
24.0,2.0,6.0,20.485526838214444
25.0,2.0,6.0,21.64028483309144
21.0,3.0,6.0,12.924928842729633
22.0,3.0,6.0,14.115399341160058
23.0,3.0,6.0,15.292249865488522
24.0,3.0,6.0,16.45782717293122
25.0,3.0,6.0,17.614168712463492
21.0,4.0,6.0,8.659227956887138
22.0,4.0,6.0,9.93363277052809
23.0,4.0,6.0,11.180686404544911
24.0,4.0,6.0,12.404029982095711
25.0,4.0,6.0,13.606729239851449
21.0,5.0,6.0,3.8807230726211284
22.0,5.0,6.0,5.34470596511776
23.0,5.0,6.0,6.748818372385168
24.0,5.0,6.0,8.103400130313949
25.0,5.0,6.0,9.416113970846522
21.0,6.0,6.0,0.0
22.0,6.0,6.0,0.0
23.0,6.0,6.0,1.4005143169311536
24.0,6.0,6.0,3.104089254695137
25.0,6.0,6.0,4.684730600415339
21.0,7.0,6.0,0.0
22.0,7.0,6.0,0.0
23.0,7.0,6.0,0.0
24.0,7.0,6.0,0.0
25.0,7.0,6.0,0.0
21.0,8.0,6.0,0.0
22.0,8.0,6.0,0.0
23.0,8.0,6.0,0.0
24.0,8.0,6.0,0.0
25.0,8.0,6.0,0.0
21.0,9.0,6.0,1.2047210333289946
22.0,9.0,6.0,1.4931389956071206
23.0,9.0,6.0,1.7815575385062594
24.0,9.0,6.0,2.0700043391909224
25.0,9.0,6.0,2.3583427593164377
21.0,10.0,6.0,3.6057176160240485
22.0,10.0,6.0,3.8940159278876
23.0,10.0,6.0,4.182436677341752
24.0,10.0,6.0,4.470779686976499
25.0,10.0,6.0,4.759252986732649
21.0,11.0,6.0,6.0064592189798125
22.0,11.0,6.0,6.294886016866203
23.0,11.0,6.0,6.583447955693423
24.0,11.0,6.0,6.871736658530085
25.0,11.0,6.0,7.160147887202467
21.0,12.0,6.0,8.407516168300324
22.0,12.0,6.0,8.695894539764797
23.0,12.0,6.0,8.984204630823353
24.0,12.0,6.0,9.272638581612586
25.0,12.0,6.0,9.561196224509972
21.0,13.0,6.0,10.808270495671184
22.0,13.0,6.0,11.096800525192085
23.0,13.0,6.0,11.385263141689904
24.0,13.0,6.0,11.673658436190246
25.0,13.0,6.0,11.961963501572678
21.0,14.0,6.0,13.209283304365607
22.0,14.0,6.0,13.497780674320223
23.0,14.0,6.0,13.78618509809968
24.0,14.0,6.0,14.074549261885636
25.0,14.0,6.0,14.363012129159472
21.0,15.0,6.0,15.61011140005487
22.0,15.0,6.0,15.89858369413664
23.0,15.0,6.0,16.186959400377177
24.0,15.0,6.0,16.47546170884366
25.0,15.0,6.0,16.763897594137216
21.0,1.0,7.0,22.01608529944167
22.0,1.0,7.0,23.15124077672127
23.0,1.0,7.0,24.28154999007982
24.0,1.0,7.0,25.406971090131435
25.0,1.0,7.0,26.53332342217165
21.0,2.0,7.0,18.12955639022972
22.0,2.0,7.0,19.289697187500597
23.0,2.0,7.0,20.438812534989786
24.0,2.0,7.0,21.577334059071244
25.0,2.0,7.0,22.707185168075164
21.0,3.0,7.0,14.147667307055062
22.0,3.0,7.0,15.373290064424724
23.0,3.0,7.0,16.576723464841777
24.0,3.0,7.0,17.760320129153445
25.0,3.0,7.0,18.926592559452114
21.0,4.0,7.0,9.879754751874275
22.0,4.0,7.0,11.23251211879487
23.0,4.0,7.0,12.543987426687622
24.0,4.0,7.0,13.820175640259322
25.0,4.0,7.0,15.065528942268655
21.0,5.0,7.0,4.8933635630019605
22.0,5.0,7.0,6.540681204928029
23.0,5.0,7.0,8.083619680187356
24.0,5.0,7.0,9.547072424280218
25.0,5.0,7.0,10.947236388115867
21.0,6.0,7.0,1.9262817182202001
22.0,6.0,7.0,2.214707783214846
23.0,6.0,7.0,2.5030617757722693
24.0,6.0,7.0,4.387564691163951
25.0,6.0,7.0,6.1900682300150605
21.0,7.0,7.0,4.327262214512865
22.0,7.0,7.0,4.615630610845258
23.0,7.0,7.0,4.9041242552732625
24.0,7.0,7.0,5.192550505050505
25.0,7.0,7.0,5.480909451197223
21.0,8.0,7.0,6.728115046810154
22.0,8.0,7.0,7.016629910685861
23.0,8.0,7.0,7.304885480872336
24.0,8.0,7.0,7.593460421128523
25.0,8.0,7.0,7.881776246575025
21.0,9.0,7.0,9.129030200038281
22.0,9.0,7.0,9.417507435026852
23.0,9.0,7.0,9.705900532338193
24.0,9.0,7.0,9.994246526678353
25.0,9.0,7.0,10.282700446369125
21.0,10.0,7.0,11.529949366353312
22.0,10.0,7.0,11.8183735994906
23.0,10.0,7.0,12.10675581039933
24.0,10.0,7.0,12.395243159624865
25.0,10.0,7.0,12.683665067590292
21.0,11.0,7.0,13.930830660393823
22.0,11.0,7.0,14.219227630535789
23.0,11.0,7.0,14.507753950601018
24.0,11.0,7.0,14.796022116567089
25.0,11.0,7.0,15.084613210578684
21.0,12.0,7.0,16.331857882848325
22.0,12.0,7.0,16.620235643106884
23.0,12.0,7.0,16.90855003871298
24.0,12.0,7.0,17.196961762115905
25.0,12.0,7.0,17.485536805534014
21.0,13.0,7.0,18.732614641244005
22.0,13.0,7.0,19.021175903295866
23.0,13.0,7.0,19.309442784928706
24.0,13.0,7.0,19.597063548645902
25.0,13.0,7.0,19.885398280780038
21.0,14.0,7.0,21.134004550980332
22.0,14.0,7.0,21.422520812034467
23.0,14.0,7.0,21.71082212658612
24.0,14.0,7.0,21.998824861571027
25.0,14.0,7.0,22.28652773564211
21.0,15.0,7.0,23.53505869130869
22.0,15.0,7.0,23.822990209462887
23.0,15.0,7.0,24.110665772523824
24.0,15.0,7.0,24.399986749727688
25.0,15.0,7.0,24.68909772605541
21.0,1.0,8.0,23.492495747397328
22.0,1.0,8.0,24.623125265065347
23.0,1.0,8.0,25.743150414376082
24.0,1.0,8.0,26.85248850651089
25.0,1.0,8.0,27.955051680556604
21.0,2.0,8.0,19.787254180453424
22.0,2.0,8.0,20.965789407632947
23.0,2.0,8.0,22.12778768439823
24.0,2.0,8.0,23.27138048437033
25.0,2.0,8.0,24.402376995129554
21.0,3.0,8.0,15.954065415769508
22.0,3.0,8.0,17.21832150225954
23.0,3.0,8.0,18.45341755367984
24.0,3.0,8.0,19.66167316453055
25.0,3.0,8.0,20.848218941058786
21.0,4.0,8.0,11.842344908295454
22.0,4.0,8.0,13.256227413401092
23.0,4.0,8.0,14.617956277573334
24.0,4.0,8.0,15.93528750466807
25.0,4.0,8.0,17.21472226520192
21.0,5.0,8.0,7.449711054447509
22.0,5.0,8.0,8.87475948109987
23.0,5.0,8.0,10.472233478032427
24.0,5.0,8.0,11.978938555930654
25.0,5.0,8.0,13.413979796414493
21.0,6.0,8.0,9.850699276235492
22.0,6.0,8.0,10.13905455336641
23.0,6.0,8.0,10.427540621990245
24.0,6.0,8.0,10.715963215856465
25.0,6.0,8.0,11.004322419934349
21.0,7.0,8.0,12.25162726961288
22.0,7.0,8.0,12.539958324659075
23.0,7.0,8.0,12.828396567114545
24.0,7.0,8.0,13.116796777805426
25.0,7.0,8.0,13.405302897824203
21.0,8.0,8.0,14.652438109088639
22.0,8.0,8.0,14.940918337919046
23.0,8.0,8.0,15.229365660594919
24.0,8.0,8.0,15.517721383445766
25.0,8.0,8.0,15.806209304226329
21.0,9.0,8.0,17.053317609571707
22.0,9.0,8.0,17.341784997775193
23.0,9.0,8.0,17.630190858159462
24.0,9.0,8.0,17.918535272783995
25.0,9.0,8.0,18.207013221903452
21.0,10.0,8.0,19.454395419596555
22.0,10.0,8.0,19.743052990190044
23.0,10.0,8.0,20.031259157956434
24.0,10.0,8.0,20.319209806337714
25.0,10.0,8.0,20.608817013302623
21.0,11.0,8.0,21.85586877078364
22.0,11.0,8.0,22.143746427480796
23.0,11.0,8.0,22.431325588812513
24.0,11.0,8.0,22.720649641988906
25.0,11.0,8.0,23.00967305541871
21.0,12.0,8.0,24.256534377316896
22.0,12.0,8.0,24.543786318686923
23.0,12.0,8.0,24.83274347728956
24.0,12.0,8.0,25.121444801378985
25.0,12.0,8.0,25.409890630567837
21.0,13.0,8.0,25.03000575560484
22.0,13.0,8.0,26.297187871838272
23.0,13.0,8.0,27.233528092181054
24.0,13.0,8.0,27.521657930255184
25.0,13.0,8.0,27.8114398886209
21.0,14.0,8.0,25.09354748592361
22.0,14.0,8.0,26.354808641514033
23.0,14.0,8.0,27.60900801380647
24.0,14.0,8.0,28.858225714235193
25.0,14.0,8.0,30.10039356161478
21.0,15.0,8.0,25.228115043672382
22.0,15.0,8.0,26.483349187498646
23.0,15.0,8.0,27.731570523862302
24.0,15.0,8.0,28.972788325878934
25.0,15.0,8.0,30.20897870875744
21.0,1.0,9.0,25.543087647811586
22.0,1.0,9.0,26.68037287106044
23.0,1.0,9.0,27.80107615813492
24.0,1.0,9.0,28.90911000711932
25.0,1.0,9.0,30.006435644526885
21.0,2.0,9.0,22.07860357416659
22.0,2.0,9.0,23.271866487537316
23.0,2.0,9.0,24.442629692503495
24.0,2.0,9.0,25.594769612006825
25.0,2.0,9.0,26.730355807577265
21.0,3.0,9.0,18.55165959741404
22.0,3.0,9.0,19.829358934049903
23.0,3.0,9.0,21.075706232334433
24.0,3.0,9.0,22.29359015382694
25.0,3.0,9.0,23.4850376010235
21.0,4.0,9.0,14.97000363948014
22.0,4.0,9.0,16.358881882618018
23.0,4.0,9.0,17.702120172428963
24.0,4.0,9.0,19.005670826314823
25.0,4.0,9.0,20.27462546633592
21.0,5.0,9.0,15.374153659229647
22.0,5.0,9.0,15.66254204120969
23.0,5.0,9.0,15.950870996227017
24.0,5.0,9.0,16.239336312022594
25.0,5.0,9.0,17.214147381599794
21.0,6.0,9.0,17.774921002531844
22.0,6.0,9.0,18.063503585196226
23.0,6.0,9.0,18.35179552946206
24.0,6.0,9.0,18.64022407470202
25.0,6.0,9.0,18.92863020461901
21.0,7.0,9.0,20.17541445695033
22.0,7.0,9.0,20.465182076461506
23.0,7.0,9.0,20.75269007260594
24.0,7.0,9.0,21.0419071399967
25.0,7.0,9.0,21.32890665316686
21.0,8.0,9.0,22.57622527403301
22.0,8.0,9.0,22.865373717020336
23.0,8.0,9.0,23.154267371601208
24.0,8.0,9.0,23.442906574394463
25.0,8.0,9.0,23.731245025694438
21.0,9.0,9.0,24.978312302839118
22.0,9.0,9.0,25.26688778395934
23.0,9.0,9.0,25.555159392254858
24.0,9.0,9.0,25.8431767121966
25.0,9.0,9.0,26.1309915094451
21.0,10.0,9.0,26.01715916159033
22.0,10.0,9.0,27.312309289501002
23.0,10.0,9.0,27.955334595959595
24.0,10.0,9.0,28.244755010323345
25.0,10.0,9.0,28.53194987049747
21.0,11.0,9.0,25.993133889161353
22.0,11.0,9.0,27.284371824927756
23.0,11.0,9.0,28.57052533411313
24.0,11.0,9.0,29.851601104400615
25.0,11.0,9.0,30.934082963354857
21.0,12.0,9.0,26.02240790951276
22.0,12.0,9.0,27.311672988446585
23.0,12.0,9.0,28.593817403246035
24.0,12.0,9.0,29.87093902981754
25.0,12.0,9.0,31.14095180477543
21.0,13.0,9.0,26.11508807842064
22.0,13.0,9.0,27.40035648220662
23.0,13.0,9.0,28.680483715620873
24.0,13.0,9.0,29.95156641541951
25.0,13.0,9.0,31.217576568799053
21.0,14.0,9.0,26.27945736665097
22.0,14.0,9.0,27.560626428416835
23.0,14.0,9.0,28.834722340757036
24.0,14.0,9.0,30.09977046246754
25.0,14.0,9.0,31.359748709538604
21.0,15.0,9.0,26.521805734885394
22.0,15.0,9.0,27.79689059821581
23.0,15.0,9.0,29.06490207342356
24.0,15.0,9.0,30.325789140097076
25.0,15.0,9.0,31.579616341721596
21.0,1.0,10.0,26.114904004075473
22.0,1.0,10.0,27.30859896467183
23.0,1.0,10.0,28.499221783765943
24.0,1.0,10.0,29.68879215684734
25.0,1.0,10.0,30.875408645114415
21.0,2.0,10.0,25.136022126003173
22.0,2.0,10.0,26.3221111246756
23.0,2.0,10.0,27.48550442247966
24.0,2.0,10.0,28.630166630599437
25.0,2.0,10.0,29.75808893800611
21.0,3.0,10.0,22.153521993718332
22.0,3.0,10.0,23.392112704942278
23.0,3.0,10.0,24.60389735826444
24.0,3.0,10.0,25.791019838791346
25.0,3.0,10.0,26.95740540881197
21.0,4.0,10.0,20.896766889215126
22.0,4.0,10.0,21.185829766811697
23.0,4.0,10.0,21.999715725137793
24.0,4.0,10.0,23.2075378619703
25.0,4.0,10.0,24.398566460945524
21.0,5.0,10.0,23.2989343913564
22.0,5.0,10.0,23.587378131879653
23.0,5.0,10.0,23.875568665985224
24.0,5.0,10.0,24.163506326937558
25.0,5.0,10.0,24.451191447416505
21.0,6.0,10.0,25.69834616566089
22.0,6.0,10.0,25.98820140806567
23.0,6.0,10.0,26.275822876796685
24.0,6.0,10.0,26.565119376782537
25.0,6.0,10.0,26.852236532336242
21.0,7.0,10.0,27.0290654747255
22.0,7.0,10.0,28.348490619940957
23.0,7.0,10.0,28.67715445526098
24.0,7.0,10.0,28.965943756950104
25.0,7.0,10.0,29.254423332210578
21.0,8.0,10.0,26.936448586984397
22.0,8.0,10.0,28.253975823180184
23.0,8.0,10.0,29.564340075311012
24.0,8.0,10.0,30.86958938483162
25.0,8.0,10.0,31.655792615169698
21.0,9.0,10.0,26.887243191591022
22.0,9.0,10.0,28.20278625141531
23.0,9.0,10.0,29.513205160335588
24.0,9.0,10.0,30.81651844915374
25.0,9.0,10.0,32.11267157793071
21.0,10.0,10.0,26.887626627642458
22.0,10.0,10.0,28.201208879464794
23.0,10.0,10.0,29.50960745489098
24.0,10.0,10.0,30.80890039325004
25.0,10.0,10.0,32.10507041580753
21.0,11.0,10.0,26.943758348791285
22.0,11.0,10.0,28.25534191019444
23.0,11.0,10.0,29.55974591825335
24.0,11.0,10.0,30.85703346534417
25.0,11.0,10.0,32.14920708323035
21.0,12.0,10.0,27.05994100884867
22.0,12.0,10.0,28.369432251565087
23.0,12.0,10.0,29.669796147521822
24.0,12.0,10.0,30.965038763715086
25.0,12.0,10.0,32.25310613561596
21.0,13.0,10.0,27.242450398633366
22.0,13.0,10.0,28.549866178757956
23.0,13.0,10.0,29.8481480221625
24.0,13.0,10.0,31.139245569822798
25.0,13.0,10.0,32.4232252492518
21.0,14.0,10.0,27.501609542127888
22.0,14.0,10.0,28.80490132396693
23.0,14.0,10.0,30.100997955993748
24.0,14.0,10.0,31.387960804108676
25.0,14.0,10.0,32.66573631552919
21.0,15.0,10.0,27.50834088247641
22.0,15.0,10.0,29.00229689357191
23.0,15.0,10.0,30.43268844826202
24.0,15.0,10.0,31.715463545271266
25.0,15.0,10.0,32.9890457599692
