Ni,Ti,Al,Ni3Ti
15.0,1.0,0.0,4.677395230905102
16.0,1.0,0.0,4.67724999555073
17.0,1.0,0.0,4.677282785806277
18.0,1.0,0.0,4.6773155441133065
19.0,1.0,0.0,4.677339958380204
20.0,1.0,0.0,4.6773643487960666
15.0,2.0,0.0,9.35456714905882
16.0,2.0,0.0,9.354649514841759
17.0,2.0,0.0,9.354553618519521
18.0,2.0,0.0,9.354635910788481
19.0,2.0,0.0,9.354701470884045
20.0,2.0,0.0,9.354589045361136
15.0,3.0,0.0,14.031975388705172
16.0,3.0,0.0,14.031945572886443
17.0,3.0,0.0,14.03191578601681
18.0,3.0,0.0,14.031886028054139
19.0,3.0,0.0,14.032009585758304
20.0,3.0,0.0,14.031954803468155
15.0,4.0,0.0,18.709366852119945
16.0,4.0,0.0,18.709241220429202
17.0,4.0,0.0,18.709115710472634
18.0,4.0,0.0,18.708956890775074
19.0,4.0,0.0,18.708798225387884
20.0,4.0,0.0,18.708639714086285
15.0,5.0,0.0,18.78354203935599
16.0,5.0,0.0,20.141466840573898
17.0,5.0,0.0,21.501621530631795
18.0,5.0,0.0,22.86049762570857
19.0,5.0,0.0,23.38612146757215
20.0,5.0,0.0,23.387305873201786
15.0,6.0,0.0,18.461063351503533
16.0,6.0,0.0,19.821401011438805
17.0,6.0,0.0,21.180459017569664
18.0,6.0,0.0,22.539958584708614
19.0,6.0,0.0,23.898142589622516
20.0,6.0,0.0,25.258595212294356
15.0,7.0,0.0,18.14097699061568
16.0,7.0,0.0,19.500199531908926
17.0,7.0,0.0,20.8598723253637
18.0,7.0,0.0,22.21827134952832
19.0,7.0,0.0,23.577116106751294
20.0,7.0,0.0,24.936398637908205
15.0,8.0,0.0,17.819222718216437
16.0,8.0,0.0,19.1778256728264
17.0,8.0,0.0,20.538145483929604
18.0,8.0,0.0,21.897153711795106
19.0,8.0,0.0,23.25665021530606
20.0,8.0,0.0,24.616590050570217
15.0,9.0,0.0,17.497929436644373
16.0,9.0,0.0,18.857851907427715
17.0,9.0,0.0,20.217006080424564
18.0,9.0,0.0,21.576654330285873
19.0,9.0,0.0,22.934995002386245
20.0,9.0,0.0,24.293786327724906
15.0,10.0,0.0,17.17653140159484
16.0,10.0,0.0,18.536717550356787
17.0,10.0,0.0,19.89473018968428
18.0,10.0,0.0,21.254976700199606
19.0,10.0,0.0,22.61395368974002
20.0,10.0,0.0,23.973386944096355
15.0,11.0,0.0,16.8552771406278
16.0,11.0,0.0,18.214455032046295
17.0,11.0,0.0,19.573053501247053
18.0,11.0,0.0,20.93396581147138
19.0,11.0,0.0,22.291727649548093
20.0,11.0,0.0,23.651797001986637
15.0,12.0,0.0,16.534110897136
16.0,12.0,0.0,17.893353633117645
17.0,12.0,0.0,19.252020855299154
18.0,12.0,0.0,20.611743062119515
19.0,12.0,0.0,21.97193600990366
20.0,12.0,0.0,23.33082483700804
15.0,13.0,0.0,16.21273573682117
16.0,13.0,0.0,17.572037529228936
17.0,13.0,0.0,18.93167503497633
18.0,13.0,0.0,20.29015998882744
19.0,13.0,0.0,21.64915747396282
20.0,13.0,0.0,23.00866675485025
15.0,14.0,0.0,15.891489086870223
16.0,14.0,0.0,17.25081011488902
17.0,14.0,0.0,18.610137699387845
18.0,14.0,0.0,19.969225011672336
19.0,14.0,0.0,21.32883005574622
20.0,14.0,0.0,22.68713711924178
15.0,15.0,0.0,15.570166247236958
16.0,15.0,0.0,16.92955837835278
17.0,15.0,0.0,18.289263841655682
18.0,15.0,0.0,19.648982339935763
19.0,15.0,0.0,21.007333469138317
20.0,15.0,0.0,22.366244296180486
15.0,1.0,1.0,4.677317466916469
16.0,1.0,1.0,4.677401076079272
17.0,1.0,1.0,4.677304805142266
18.0,1.0,1.0,4.677388339865899
19.0,1.0,1.0,4.677283766112461
20.0,1.0,1.0,4.67735883270704
15.0,2.0,1.0,9.35462936256129
16.0,2.0,1.0,9.354633531956605
17.0,2.0,1.0,9.354620849879785
18.0,2.0,1.0,9.354625019351168
19.0,2.0,1.0,9.354612353586788
20.0,2.0,1.0,9.35459970003129
15.0,3.0,1.0,14.032014878883361
16.0,3.0,1.0,14.031956193339843
17.0,3.0,1.0,14.031872251225789
18.0,3.0,1.0,14.031993999322037
19.0,3.0,1.0,14.031910119649432
20.0,3.0,1.0,14.032006456052368
15.0,4.0,1.0,18.708864102095703
16.0,4.0,1.0,18.708940302770635
17.0,4.0,1.0,18.709016430469998
18.0,4.0,1.0,18.709058695404824
19.0,4.0,1.0,18.7091009197498
20.0,4.0,1.0,18.709109346074317
15.0,5.0,1.0,18.781375513376318
16.0,5.0,1.0,20.14131332299981
17.0,5.0,1.0,21.501795436117227
18.0,5.0,1.0,22.86093668875514
19.0,5.0,1.0,23.38696991011549
20.0,5.0,1.0,23.38661288107166
15.0,6.0,1.0,18.458400550195346
16.0,6.0,1.0,19.818950522453438
17.0,6.0,1.0,21.17823656101116
18.0,6.0,1.0,22.537998216964926
19.0,6.0,1.0,23.898227419842684
20.0,6.0,1.0,25.257197269355192
15.0,7.0,1.0,18.136080585414796
16.0,7.0,1.0,19.49545451242288
17.0,7.0,1.0,20.855312974964548
18.0,7.0,1.0,22.215688196282137
19.0,7.0,1.0,23.574722527602106
20.0,7.0,1.0,24.934268980398556
15.0,8.0,1.0,17.813000092850004
16.0,8.0,1.0,19.172573175502926
17.0,8.0,1.0,20.533033101308302
18.0,8.0,1.0,21.89215721921245
19.0,8.0,1.0,23.251841649070908
20.0,8.0,1.0,24.61200359617498
15.0,9.0,1.0,17.4896421433469
16.0,9.0,1.0,18.8485282618562
17.0,9.0,1.0,20.209583565616924
18.0,9.0,1.0,21.569305848932917
19.0,9.0,1.0,22.92777305563493
20.0,9.0,1.0,24.288544488368753
15.0,10.0,1.0,17.165892514991388
16.0,10.0,1.0,18.525178871035763
17.0,10.0,1.0,19.884963923489334
18.0,10.0,1.0,21.245317019964908
19.0,10.0,1.0,22.604339289327886
20.0,10.0,1.0,23.96389107554156
15.0,11.0,1.0,16.84169121279204
16.0,11.0,1.0,18.20155106802792
17.0,11.0,1.0,19.561001555448733
18.0,11.0,1.0,20.920112246240187
19.0,11.0,1.0,22.279722731489258
20.0,11.0,1.0,23.639824855034504
15.0,12.0,1.0,16.517103688650014
16.0,12.0,1.0,17.87680027254794
17.0,12.0,1.0,19.235909472042298
18.0,12.0,1.0,20.595560288905116
19.0,12.0,1.0,21.955751953410786
20.0,12.0,1.0,23.316441070867064
15.0,13.0,1.0,16.19173480906363
16.0,13.0,1.0,17.551410545009567
17.0,13.0,1.0,18.911450110116608
18.0,13.0,1.0,20.271669700085596
19.0,13.0,1.0,21.6306034474862
20.0,13.0,1.0,22.99004222623447
15.0,14.0,1.0,15.865402292933675
16.0,14.0,1.0,17.22508172712054
17.0,14.0,1.0,18.584028535428672
18.0,14.0,1.0,19.944813962838463
19.0,14.0,1.0,21.30427681980912
20.0,14.0,1.0,22.664328763907278
15.0,15.0,1.0,15.538106847962997
16.0,15.0,1.0,16.897597679401002
17.0,15.0,1.0,18.25727973154955
18.0,15.0,1.0,19.616748893477816
19.0,15.0,1.0,20.97681026766432
20.0,15.0,1.0,22.33555133429108
15.0,1.0,2.0,4.677265922984719
16.0,1.0,2.0,4.677401467869227
17.0,1.0,2.0,4.677346668798791
18.0,1.0,2.0,4.67729192208146
19.0,1.0,2.0,4.677237227642247
20.0,1.0,2.0,4.677364040348321
15.0,2.0,2.0,9.354549562023582
16.0,2.0,2.0,9.354656022318169
17.0,2.0,2.0,9.35456334146932
18.0,2.0,2.0,9.35465267531787
19.0,2.0,2.0,9.35456008437361
20.0,2.0,2.0,9.354632332360351
15.0,3.0,2.0,14.031956670900305
16.0,3.0,2.0,14.03205095467048
17.0,3.0,2.0,14.03193725581709
18.0,3.0,2.0,14.032005889491849
19.0,3.0,2.0,14.031892320161738
20.0,3.0,2.0,14.031935364657008
15.0,4.0,2.0,18.709627891163922
16.0,4.0,2.0,18.709875438013146
17.0,4.0,2.0,18.710122749800043
18.0,4.0,2.0,18.70854460299556
19.0,4.0,2.0,18.708758179950706
20.0,4.0,2.0,18.7089715536105
15.0,5.0,2.0,18.778560548362528
16.0,5.0,2.0,20.13845300814139
17.0,5.0,2.0,21.498886096509036
18.0,5.0,2.0,22.859859045494847
19.0,5.0,2.0,23.386234684647643
20.0,5.0,2.0,23.386087798284947
15.0,6.0,2.0,18.45335132885035
16.0,6.0,2.0,19.81381248178541
17.0,6.0,2.0,21.17298754023637
18.0,6.0,2.0,22.534540693469086
19.0,6.0,2.0,23.894764200500042
20.0,6.0,2.0,25.25552813416439
15.0,7.0,2.0,18.126832171274494
16.0,7.0,2.0,19.488041887815708
17.0,7.0,2.0,20.847745944130757
18.0,7.0,2.0,22.208038033191002
19.0,7.0,2.0,23.568838387727194
20.0,7.0,2.0,24.928352060748654
15.0,8.0,2.0,17.79970343332953
16.0,8.0,2.0,19.15922995305354
17.0,8.0,2.0,20.521369610728087
18.0,8.0,2.0,21.880350673495933
19.0,8.0,2.0,23.241721617169897
20.0,8.0,2.0,24.601763089646667
15.0,9.0,2.0,17.471599023356525
16.0,9.0,2.0,18.831122186797217
17.0,9.0,2.0,20.19194126516283
18.0,9.0,2.0,21.55331837929645
19.0,9.0,2.0,22.913413487977724
20.0,9.0,2.0,24.274022163557348
15.0,10.0,2.0,17.14215050230805
16.0,10.0,2.0,18.50184667948212
17.0,10.0,2.0,19.863214514234507
18.0,10.0,2.0,21.223302688715066
19.0,10.0,2.0,22.58391363619616
20.0,10.0,2.0,23.945127284445057
15.0,11.0,2.0,16.811356821450623
16.0,11.0,2.0,18.171957574189733
17.0,11.0,2.0,19.53331338630378
18.0,11.0,2.0,20.893907758880097
19.0,11.0,2.0,22.25326279701002
20.0,11.0,2.0,23.614989358131165
15.0,12.0,2.0,16.478846638126416
16.0,12.0,2.0,17.83923643692776
17.0,12.0,2.0,19.20038774460654
18.0,12.0,2.0,20.559672790745832
19.0,12.0,2.0,21.921378010238975
20.0,12.0,2.0,23.281805351323793
15.0,13.0,2.0,16.143905279791092
16.0,13.0,2.0,17.50426368085422
17.0,13.0,2.0,18.864428480636214
18.0,13.0,2.0,20.226096683742448
19.0,13.0,2.0,21.586489423342137
20.0,13.0,2.0,22.947458793750414
15.0,14.0,2.0,15.805938070637888
16.0,14.0,2.0,17.166411363319874
17.0,14.0,2.0,18.526945618808295
18.0,14.0,2.0,19.887660041775028
19.0,14.0,2.0,21.24854681077112
20.0,14.0,2.0,22.608199294640492
15.0,15.0,2.0,15.46437788044156
16.0,15.0,2.0,16.824619870860236
17.0,15.0,2.0,18.185079643023773
18.0,15.0,2.0,19.54612849164087
19.0,15.0,2.0,20.905722748925186
20.0,15.0,2.0,22.265865008900775
15.0,1.0,3.0,4.677267271627789
16.0,1.0,3.0,4.677263491293629
17.0,1.0,3.0,4.677259714527582
18.0,1.0,3.0,4.677255941324601
19.0,1.0,3.0,4.677243590919598
20.0,1.0,3.0,4.677231252200446
15.0,2.0,3.0,9.354593438234682
16.0,2.0,3.0,9.354603051342115
17.0,2.0,3.0,9.354612655396744
18.0,2.0,3.0,9.354622250411348
19.0,2.0,3.0,9.354614646767192
20.0,2.0,3.0,9.354607050301308
15.0,3.0,3.0,14.031927036561012
16.0,3.0,3.0,14.031967324911438
17.0,3.0,3.0,14.031981724728727
18.0,3.0,3.0,14.032021949490392
19.0,3.0,3.0,14.032036310026669
20.0,3.0,3.0,14.03205065703663
15.0,4.0,3.0,18.70807352463134
16.0,4.0,3.0,18.708497098835288
17.0,4.0,3.0,18.7089547969952
18.0,4.0,3.0,18.70937755907545
19.0,4.0,3.0,18.709799923678613
20.0,4.0,3.0,18.70834477306942
15.0,5.0,3.0,18.773402003877518
16.0,5.0,3.0,20.13476181847095
17.0,5.0,3.0,21.496691679296195
18.0,5.0,3.0,22.85734342728989
19.0,5.0,3.0,23.37841231387379
20.0,5.0,3.0,23.363761530539552
15.0,6.0,3.0,18.44379015088487
16.0,6.0,3.0,19.804199016179695
17.0,6.0,3.0,21.1666657410647
18.0,6.0,3.0,22.527856828299804
19.0,6.0,3.0,23.889623540073423
20.0,6.0,3.0,25.251918387870205
15.0,7.0,3.0,18.112271884517376
16.0,7.0,3.0,19.474315903900983
17.0,7.0,3.0,20.83545791838256
18.0,7.0,3.0,22.197181845644614
19.0,7.0,3.0,23.557590779251093
20.0,7.0,3.0,24.920428307710537
15.0,8.0,3.0,17.778876593308336
16.0,8.0,3.0,19.13958276044028
17.0,8.0,3.0,20.501248943737174
18.0,8.0,3.0,21.863461956128287
19.0,8.0,3.0,23.224401113999395
20.0,8.0,3.0,24.587777326501126
15.0,9.0,3.0,17.443752653176738
16.0,9.0,3.0,18.80552795054174
17.0,9.0,3.0,20.16767331419866
18.0,9.0,3.0,21.528547311116235
19.0,9.0,3.0,22.890010128323066
20.0,9.0,3.0,24.252060942219313
15.0,10.0,3.0,17.105964933219457
16.0,10.0,3.0,18.467465944930325
17.0,10.0,3.0,19.829226077025265
18.0,10.0,3.0,21.19061497291348
19.0,10.0,3.0,22.552556241786633
20.0,10.0,3.0,23.915130496907818
15.0,11.0,3.0,16.765132737742793
16.0,11.0,3.0,18.1267934588809
17.0,11.0,3.0,19.48771730773537
18.0,11.0,3.0,20.849576405546458
19.0,11.0,3.0,22.21207177814029
20.0,11.0,3.0,23.57325879338458
15.0,12.0,3.0,16.42034250906411
16.0,12.0,3.0,17.78190413146488
17.0,12.0,3.0,19.143138039183434
18.0,12.0,3.0,20.505539260560095
19.0,12.0,3.0,21.866637785027233
20.0,12.0,3.0,23.22833763867943
15.0,13.0,3.0,16.07079951131398
16.0,13.0,3.0,17.43228892555668
17.0,13.0,3.0,18.79360729054928
18.0,13.0,3.0,20.156506704489743
19.0,13.0,3.0,21.51810663105565
20.0,13.0,3.0,22.878444011560735
15.0,14.0,3.0,15.714985483147503
16.0,14.0,3.0,17.07639637949632
17.0,14.0,3.0,18.437829303872707
18.0,14.0,3.0,19.79875142671332
19.0,14.0,3.0,21.160849431264705
20.0,14.0,3.0,22.52168751626681
15.0,15.0,3.0,15.350837619176517
16.0,15.0,3.0,16.711759953403604
17.0,15.0,3.0,18.072927230523067
18.0,15.0,3.0,19.43415139603771
19.0,15.0,3.0,20.794869485597637
20.0,15.0,3.0,22.156207451417256
15.0,1.0,4.0,4.677349260650093
16.0,1.0,4.0,4.67739749803693
17.0,1.0,4.0,4.677251465352009
18.0,1.0,4.0,4.677291028762929
19.0,1.0,4.0,4.677330555210555
20.0,1.0,4.0,4.677361378231852
15.0,2.0,4.0,9.312050418260995
16.0,2.0,4.0,9.343961147863467
17.0,2.0,4.0,9.354655862921286
18.0,2.0,4.0,9.354566664685253
19.0,2.0,4.0,9.354645851745675
20.0,2.0,4.0,9.354556741438538
15.0,3.0,4.0,13.915557932117684
16.0,3.0,4.0,13.90907922744719
17.0,3.0,4.0,13.909840215627
18.0,3.0,4.0,13.91602198431924
19.0,3.0,4.0,13.931284578548514
20.0,3.0,4.0,13.963262301664015
15.0,4.0,4.0,18.70240190196448
16.0,4.0,4.0,18.642047616560596
17.0,4.0,4.0,18.597783225974847
18.0,4.0,4.0,18.567688193583855
19.0,4.0,4.0,18.5501010496121
20.0,4.0,4.0,18.542770170261488
15.0,5.0,4.0,18.76593422203614
16.0,5.0,4.0,20.128498059825016
17.0,5.0,4.0,21.489834904735496
18.0,5.0,4.0,22.853601812758743
19.0,5.0,4.0,23.35044131886337
20.0,5.0,4.0,23.27801781608445
15.0,6.0,4.0,18.42927506875268
16.0,6.0,4.0,19.79199413182437
17.0,6.0,4.0,21.153788604261432
18.0,6.0,4.0,22.518059315316393
19.0,6.0,4.0,23.88102094167462
20.0,6.0,4.0,25.24276196719842
15.0,7.0,4.0,18.090536121444856
16.0,7.0,4.0,19.45239420570171
17.0,7.0,4.0,20.816551331382563
18.0,7.0,4.0,22.17944660923167
19.0,7.0,4.0,23.541037729669227
20.0,7.0,4.0,24.90515351287443
15.0,8.0,4.0,17.74873888661436
16.0,8.0,4.0,19.11164006067068
17.0,8.0,4.0,20.474408865238914
18.0,8.0,4.0,21.83775470972703
19.0,8.0,4.0,23.199881526138295
20.0,8.0,4.0,24.56258033569547
15.0,9.0,4.0,17.403122137304063
16.0,9.0,4.0,18.766122421352666
17.0,9.0,4.0,20.129183087051057
18.0,9.0,4.0,21.49113662021305
19.0,9.0,4.0,22.855587161217038
20.0,9.0,4.0,24.218777857224627
15.0,10.0,4.0,17.053140460678772
16.0,10.0,4.0,18.416047425173158
17.0,10.0,4.0,19.778982854324816
18.0,10.0,4.0,21.14141436946395
19.0,10.0,4.0,22.504470993547855
20.0,10.0,4.0,23.868151862948913
15.0,11.0,4.0,16.697235934362876
16.0,11.0,4.0,18.059854353275355
17.0,11.0,4.0,19.421941779420884
18.0,11.0,4.0,20.784810317406478
19.0,11.0,4.0,22.148346266857533
20.0,11.0,4.0,23.51058522304745
15.0,12.0,4.0,16.33352737059353
16.0,12.0,4.0,17.69600888635329
17.0,12.0,4.0,19.05799537003818
18.0,12.0,4.0,20.42133633299235
19.0,12.0,4.0,21.78346328202671
20.0,12.0,4.0,23.146183943808044
15.0,13.0,4.0,15.959649879986978
16.0,13.0,4.0,17.321453573955857
17.0,13.0,4.0,18.68352371586353
18.0,13.0,4.0,20.045254941843428
19.0,13.0,4.0,21.407814135581564
20.0,13.0,4.0,22.769122682435327
15.0,14.0,4.0,15.570912607001677
16.0,14.0,4.0,16.931628029494757
17.0,14.0,4.0,18.29245654710491
18.0,14.0,4.0,19.652763314841813
19.0,14.0,4.0,21.013905815916367
20.0,14.0,4.0,22.373759824460187
15.0,15.0,4.0,15.159755268524814
16.0,15.0,4.0,16.518492648873128
17.0,15.0,4.0,17.877097091817667
18.0,15.0,4.0,19.236166420146393
19.0,15.0,4.0,20.593955062909654
20.0,15.0,4.0,21.95054023792067
15.0,1.0,5.0,4.436634649844544
16.0,1.0,5.0,4.458593947805213
17.0,1.0,5.0,4.4825866729653825
18.0,1.0,5.0,4.513490066312028
19.0,1.0,5.0,4.545488597884391
20.0,1.0,5.0,4.5774575379598375
15.0,2.0,5.0,8.992415016613295
16.0,2.0,5.0,8.99616604896412
17.0,2.0,5.0,9.0075948891747
18.0,2.0,5.0,9.02520639365214
19.0,2.0,5.0,9.047661924485263
20.0,2.0,5.0,9.074051157436054
15.0,3.0,5.0,13.676140352858576
16.0,3.0,5.0,13.629385180976323
17.0,3.0,5.0,13.598281902619835
18.0,3.0,5.0,13.58090365171232
19.0,3.0,5.0,13.575591554217818
20.0,3.0,5.0,13.580587731554514
15.0,4.0,5.0,18.695491514303704
16.0,4.0,5.0,18.539910226017874
17.0,4.0,5.0,18.41592736998738
18.0,4.0,5.0,18.319322984816107
19.0,4.0,5.0,18.246142265713207
20.0,4.0,5.0,18.193719493270883
15.0,5.0,5.0,18.749586940717734
16.0,5.0,5.0,20.11407475633602
17.0,5.0,5.0,21.476327744155512
18.0,5.0,5.0,22.84109851484775
19.0,5.0,5.0,23.29990952955368
20.0,5.0,5.0,23.1196449160142
15.0,6.0,5.0,18.403936824705767
16.0,6.0,5.0,19.767747399303964
17.0,6.0,5.0,21.132349273292064
18.0,6.0,5.0,22.495698601833123
19.0,6.0,5.0,23.859684891320352
20.0,6.0,5.0,25.22425966948823
15.0,7.0,5.0,18.053905996942714
16.0,7.0,5.0,19.418321307328636
17.0,7.0,5.0,20.78148685756894
18.0,7.0,5.0,22.145295992584817
19.0,7.0,5.0,23.509703377652734
20.0,7.0,5.0,24.8747944739478
15.0,8.0,5.0,17.698305792179703
16.0,8.0,5.0,19.062031247925876
17.0,8.0,5.0,20.425648063202747
18.0,8.0,5.0,21.78987294766717
19.0,8.0,5.0,23.152891270795656
20.0,8.0,5.0,24.518405366678213
15.0,9.0,5.0,17.335248725447162
16.0,9.0,5.0,18.698623372282075
17.0,9.0,5.0,20.06287684340021
18.0,9.0,5.0,21.425657276772583
19.0,9.0,5.0,22.78908855026118
20.0,9.0,5.0,24.153169771758236
15.0,10.0,5.0,16.96200700747375
16.0,10.0,5.0,18.32506149189905
17.0,10.0,5.0,19.68744236279731
18.0,10.0,5.0,21.05067099488938
19.0,10.0,5.0,22.41455625865551
20.0,10.0,5.0,23.777153273583473
15.0,11.0,5.0,16.57453613867614
16.0,11.0,5.0,17.93631408174036
17.0,11.0,5.0,19.297423709188415
18.0,11.0,5.0,20.65919841624868
19.0,11.0,5.0,22.021595395519196
20.0,11.0,5.0,23.38279315499397
15.0,12.0,5.0,16.165552053363978
16.0,12.0,5.0,17.525289244843396
17.0,12.0,5.0,18.884518841221038
18.0,12.0,5.0,20.243501603389046
19.0,12.0,5.0,21.602544435191415
20.0,12.0,5.0,22.779394733634035
15.0,13.0,5.0,14.657264194056022
16.0,13.0,5.0,15.747647743496534
17.0,13.0,5.0,16.83783608236
18.0,13.0,5.0,17.928340105710184
19.0,13.0,5.0,19.01861684868705
20.0,13.0,5.0,20.109811283319214
15.0,14.0,5.0,11.986134783691135
16.0,14.0,5.0,13.076419489822092
17.0,14.0,5.0,14.166649127607181
18.0,14.0,5.0,15.25703794369645
19.0,14.0,5.0,16.347394559916808
20.0,14.0,5.0,17.437685700910468
15.0,15.0,5.0,9.314904537764836
16.0,15.0,5.0,10.405219385192314
17.0,15.0,5.0,11.49550619933695
18.0,15.0,5.0,12.585740910649399
19.0,15.0,5.0,13.676161155497862
20.0,15.0,5.0,14.766525050713822
15.0,1.0,6.0,3.931663137862208
16.0,1.0,6.0,3.9490037968639866
17.0,1.0,6.0,3.9740855910280546
18.0,1.0,6.0,4.005580289539039
19.0,1.0,6.0,4.042533063402266
20.0,1.0,6.0,4.083793990994246
15.0,2.0,6.0,8.482253884780773
16.0,2.0,6.0,8.455034005343697
17.0,2.0,6.0,8.44206465269519
18.0,2.0,6.0,8.441619996284064
19.0,2.0,6.0,8.452545864214258
20.0,2.0,6.0,8.473295311407904
15.0,3.0,6.0,13.282335917430583
16.0,3.0,6.0,13.166422439271006
17.0,3.0,6.0,13.07699614354376
18.0,3.0,6.0,13.0106526403737
19.0,3.0,6.0,12.964653586931146
20.0,3.0,6.0,12.9365296179939
15.0,4.0,6.0,18.682999198228103
16.0,4.0,6.0,18.364596460102867
17.0,4.0,6.0,18.109463149182307
18.0,4.0,6.0,17.905116915966946
19.0,4.0,6.0,17.742968757425697
20.0,4.0,6.0,17.61593053193612
15.0,5.0,6.0,18.710921555088447
16.0,5.0,6.0,20.07607172476907
17.0,5.0,6.0,21.43902550577043
18.0,5.0,6.0,22.80454795679098
19.0,5.0,6.0,23.20542551530591
20.0,5.0,6.0,22.83518662660026
15.0,6.0,6.0,18.34791928153459
16.0,6.0,6.0,19.712156307107108
17.0,6.0,6.0,21.075535620556376
18.0,6.0,6.0,22.439584633024463
19.0,6.0,6.0,23.804302432680334
20.0,6.0,6.0,25.169640134187254
15.0,7.0,6.0,17.97452902030867
16.0,7.0,6.0,19.33746564640227
17.0,7.0,6.0,20.701270101011644
18.0,7.0,6.0,22.06575012658954
19.0,7.0,6.0,23.4289501378005
20.0,7.0,6.0,24.79282044820654
15.0,8.0,6.0,17.58706529633725
16.0,8.0,6.0,18.94927182280862
17.0,8.0,6.0,20.312314520174464
18.0,8.0,6.0,21.673355265046474
19.0,8.0,6.0,23.035074832430446
20.0,8.0,6.0,24.397472299500006
15.0,9.0,6.0,17.178524061872015
16.0,9.0,6.0,18.538619886541312
17.0,9.0,6.0,19.851116625310173
18.0,9.0,6.0,20.940431420805876
19.0,9.0,6.0,22.030634824841222
20.0,9.0,6.0,23.121807920856547
15.0,10.0,6.0,14.998923499242606
16.0,10.0,6.0,16.089332446900496
17.0,10.0,6.0,17.17949653621371
18.0,10.0,6.0,18.269985736472204
19.0,10.0,6.0,19.359332545323365
20.0,10.0,6.0,20.451494111780278
15.0,11.0,6.0,12.327733260428419
16.0,11.0,6.0,13.417931501655978
17.0,11.0,6.0,14.508326168039131
18.0,11.0,6.0,15.598701021532355
19.0,11.0,6.0,16.689024015251682
20.0,11.0,6.0,17.779323089453698
15.0,12.0,6.0,9.656457049418044
16.0,12.0,6.0,10.746893485136722
17.0,12.0,6.0,11.837098772210695
18.0,12.0,6.0,12.927476954421074
19.0,12.0,6.0,14.017835316853086
20.0,12.0,6.0,15.108173886275528
15.0,13.0,6.0,6.985376480312709
16.0,13.0,6.0,8.075609666640284
17.0,13.0,6.0,9.166037961567627
18.0,13.0,6.0,10.256242116591514
19.0,13.0,6.0,11.346601687204084
20.0,13.0,6.0,12.436965398170576
15.0,14.0,6.0,4.314136611747047
16.0,14.0,6.0,5.404365562709047
17.0,14.0,6.0,6.494776428027564
18.0,14.0,6.0,7.58496798307884
19.0,14.0,6.0,8.675353862609981
20.0,14.0,6.0,9.76570943337965
15.0,15.0,6.0,1.642861432420966
16.0,15.0,6.0,2.7331662903681786
17.0,15.0,6.0,3.823553320713962
18.0,15.0,6.0,4.913938366831303
19.0,15.0,6.0,6.004111159884672
20.0,15.0,6.0,7.094465953173895
15.0,1.0,7.0,3.137558995567554
16.0,1.0,7.0,3.132888438933555
17.0,1.0,7.0,3.141032753205116
18.0,1.0,7.0,3.16045086473102
19.0,1.0,7.0,3.189974638449792
20.0,1.0,7.0,3.2288383288440596
15.0,2.0,7.0,7.705288672663781
16.0,2.0,7.0,7.630882350122387
17.0,2.0,7.0,7.578193104637462
18.0,2.0,7.0,7.544495980328697
19.0,2.0,7.0,7.528071391108269
20.0,2.0,7.0,7.526953726645684
15.0,3.0,7.0,12.646927769156308
16.0,3.0,7.0,12.434656238541445
17.0,3.0,7.0,12.265343912805701
18.0,3.0,7.0,12.13224364224324
19.0,3.0,7.0,12.03015302738082
20.0,3.0,7.0,11.95493663803098
15.0,4.0,7.0,18.63989781825037
16.0,4.0,7.0,18.019504241557264
17.0,4.0,7.0,17.55434563265024
18.0,4.0,7.0,17.193533143026194
19.0,4.0,7.0,16.909467604460087
20.0,4.0,7.0,16.68496368745106
15.0,5.0,7.0,18.604422661226
16.0,5.0,7.0,19.967725038899413
17.0,5.0,7.0,21.32922186163435
18.0,5.0,7.0,22.691416741701875
19.0,5.0,7.0,22.94082578511125
20.0,5.0,7.0,22.226921043779136
15.0,6.0,7.0,18.01170087139075
16.0,6.0,7.0,19.10219196312333
17.0,6.0,7.0,20.192050030941612
18.0,6.0,7.0,21.28327860765543
19.0,6.0,7.0,22.373484647120687
20.0,6.0,7.0,23.46270840552924
15.0,7.0,7.0,15.340523680411552
16.0,7.0,7.0,16.430809409564873
17.0,7.0,7.0,17.521306461640645
18.0,7.0,7.0,18.611563038573696
19.0,7.0,7.0,19.701611160838294
20.0,7.0,7.0,20.791836750434328
15.0,8.0,7.0,12.669333813342314
16.0,8.0,7.0,13.759653928897556
17.0,8.0,7.0,14.849938118811881
18.0,8.0,7.0,15.940404212219148
19.0,8.0,7.0,17.030665553803825
20.0,8.0,7.0,18.121073661158285
15.0,9.0,7.0,9.998197195767093
16.0,9.0,7.0,11.08848388084341
17.0,9.0,7.0,12.178763375780758
18.0,9.0,7.0,13.269035690225262
19.0,9.0,7.0,14.359466551080907
20.0,9.0,7.0,15.44972235062928
15.0,10.0,7.0,7.326951041701046
16.0,10.0,7.0,8.417216345398126
17.0,10.0,7.0,9.507654229029432
18.0,10.0,7.0,10.59791143977261
19.0,10.0,7.0,11.688336857282948
20.0,10.0,7.0,12.778561244730968
15.0,11.0,7.0,4.655811403082357
16.0,11.0,7.0,5.746038471480688
17.0,11.0,7.0,6.8364478446442
18.0,11.0,7.0,7.926659947841723
19.0,11.0,7.0,9.017063243277866
20.0,11.0,7.0,10.107463462616721
15.0,12.0,7.0,1.9844399653355924
16.0,12.0,7.0,3.0748028124051046
17.0,12.0,7.0,4.165166853778459
18.0,12.0,7.0,5.255532087859941
19.0,12.0,7.0,6.34589851305668
20.0,12.0,7.0,7.43605736814595
15.0,13.0,7.0,0.0
16.0,13.0,7.0,0.40363474019327833
17.0,13.0,7.0,1.4939581072048673
18.0,13.0,7.0,2.5843648652596927
19.0,13.0,7.0,3.674672523090821
20.0,13.0,7.0,4.764981424648684
15.0,14.0,7.0,0.0
16.0,14.0,7.0,0.0
17.0,14.0,7.0,0.0
18.0,14.0,7.0,0.0
19.0,14.0,7.0,1.0033948276164644
20.0,14.0,7.0,2.093679590229755
15.0,15.0,7.0,0.0
16.0,15.0,7.0,0.0
17.0,15.0,7.0,0.0
18.0,15.0,7.0,0.0
19.0,15.0,7.0,0.0
20.0,15.0,7.0,0.0
15.0,1.0,8.0,1.9989905455501815
16.0,1.0,8.0,1.9648473063325493
17.0,1.0,8.0,1.9481234603680626
18.0,1.0,8.0,1.9472468559775051
19.0,1.0,8.0,1.9606594085398812
20.0,1.0,8.0,1.987176642425903
15.0,2.0,8.0,6.5469596138798725
16.0,2.0,8.0,6.418970587381207
17.0,2.0,8.0,6.321089520064708
18.0,2.0,8.0,6.249395562948492
19.0,2.0,8.0,6.200772559072928
20.0,2.0,8.0,6.173063767454983
15.0,3.0,8.0,11.557023754563337
16.0,3.0,8.0,11.237355866083183
17.0,3.0,8.0,10.983092498992217
18.0,3.0,8.0,10.781554197379
19.0,3.0,8.0,10.623182288177274
20.0,3.0,8.0,10.501318035604381
15.0,4.0,8.0,15.68214138619709
16.0,4.0,8.0,16.772499718425827
17.0,4.0,8.0,16.357396853988416
18.0,4.0,8.0,15.836343811478748
19.0,4.0,8.0,15.439840357759966
20.0,4.0,8.0,15.131696272805515
15.0,5.0,8.0,13.010950609404915
16.0,5.0,8.0,14.101284976068365
17.0,5.0,8.0,15.191620561350852
18.0,5.0,8.0,16.28192572556701
19.0,5.0,8.0,17.37222789796101
20.0,5.0,8.0,18.462721222616544
15.0,6.0,8.0,10.339700443138371
16.0,6.0,8.0,11.430190928463183
17.0,6.0,8.0,12.52046766546927
18.0,6.0,8.0,13.61074567378426
19.0,6.0,8.0,14.701024951709194
20.0,6.0,8.0,15.791499935835368
15.0,7.0,8.0,7.668617064878388
16.0,7.0,8.0,8.758842142636977
17.0,7.0,8.0,9.849267788545912
18.0,7.0,8.0,10.939482593619836
19.0,7.0,8.0,12.029916986013674
20.0,7.0,8.0,13.120136470918142
15.0,8.0,8.0,4.997331863414862
16.0,8.0,8.0,6.087675183316042
17.0,8.0,8.0,7.178037996437834
18.0,8.0,8.0,8.26841052169245
19.0,8.0,8.0,9.358774485222526
20.0,8.0,8.0,10.448948864024215
15.0,9.0,8.0,2.326086743733054
16.0,9.0,8.0,3.416555618825104
17.0,9.0,8.0,4.50683398921896
18.0,9.0,8.0,5.597122161506954
19.0,9.0,8.0,6.687420122644718
20.0,9.0,8.0,7.777727859611017
15.0,10.0,8.0,0.0
16.0,10.0,8.0,0.7452808742141324
17.0,10.0,8.0,1.8356089247585652
18.0,10.0,8.0,2.925892276725225
19.0,10.0,8.0,4.0162992740873245
20.0,10.0,8.0,5.106530325587037
15.0,11.0,8.0,0.0
16.0,11.0,8.0,0.0
17.0,11.0,8.0,0.0
18.0,11.0,8.0,0.25473585127662074
19.0,11.0,8.0,1.3450523947107413
20.0,11.0,8.0,2.4353829997335383
15.0,12.0,8.0,0.0
16.0,12.0,8.0,0.0
17.0,12.0,8.0,0.0
18.0,12.0,8.0,0.0
19.0,12.0,8.0,0.0
20.0,12.0,8.0,0.0
15.0,13.0,8.0,0.0
16.0,13.0,8.0,0.0
17.0,13.0,8.0,0.0
18.0,13.0,8.0,0.0
19.0,13.0,8.0,0.0
20.0,13.0,8.0,0.0
15.0,14.0,8.0,0.0
16.0,14.0,8.0,0.0
17.0,14.0,8.0,0.0
18.0,14.0,8.0,0.0
19.0,14.0,8.0,0.0
20.0,14.0,8.0,0.0
15.0,15.0,8.0,0.0
16.0,15.0,8.0,0.0
17.0,15.0,8.0,0.0
18.0,15.0,8.0,0.0
19.0,15.0,8.0,0.0
20.0,15.0,8.0,0.0
15.0,1.0,9.0,0.4056331646612856
16.0,1.0,9.0,0.344820181663078
17.0,1.0,9.0,0.3057987020335848
18.0,1.0,9.0,0.28635400860505306
19.0,1.0,9.0,0.28460863631932937
20.0,1.0,9.0,0.2989015528694666
15.0,2.0,9.0,4.805783370072703
16.0,2.0,9.0,4.639814188462636
17.0,2.0,9.0,4.510340757416754
18.0,2.0,9.0,4.41243114427472
19.0,2.0,9.0,4.342129926117993
20.0,2.0,9.0,4.296294850652329
15.0,3.0,9.0,9.550012635142151
16.0,3.0,9.0,9.194099172129672
17.0,3.0,9.0,8.910348499023357
18.0,3.0,9.0,8.684756240707411
19.0,3.0,9.0,8.506473570896405
20.0,3.0,9.0,8.368418377917726
15.0,4.0,9.0,8.010303979156614
16.0,4.0,9.0,9.100625181396735
17.0,4.0,9.0,10.190980423673496
18.0,4.0,9.0,11.28113593125163
19.0,4.0,9.0,12.371501481564172
20.0,4.0,9.0,12.51676177239226
15.0,5.0,9.0,5.339013190341361
16.0,5.0,9.0,6.429438406152904
17.0,5.0,9.0,7.519685580398247
18.0,5.0,9.0,8.609951178160468
19.0,5.0,9.0,9.700412291059441
20.0,5.0,9.0,10.790712446991426
15.0,6.0,9.0,2.6678447663446567
16.0,6.0,9.0,3.758160613863061
17.0,6.0,9.0,4.8484991476786785
18.0,6.0,9.0,5.938848666367946
19.0,6.0,9.0,7.029033905629984
20.0,6.0,9.0,8.119422327380544
15.0,7.0,9.0,0.0
16.0,7.0,9.0,1.0869393914321397
17.0,7.0,9.0,2.177256267217495
18.0,7.0,9.0,3.2674953007981262
19.0,7.0,9.0,4.357953841220251
20.0,7.0,9.0,5.448238294792858
15.0,8.0,9.0,0.0
16.0,8.0,9.0,0.0
17.0,8.0,9.0,0.0
18.0,8.0,9.0,0.5963764816271335
19.0,8.0,9.0,1.6867085302874167
20.0,8.0,9.0,2.7769899792021175
15.0,9.0,9.0,0.0
16.0,9.0,9.0,0.0
17.0,9.0,9.0,0.0
18.0,9.0,9.0,0.0
19.0,9.0,9.0,0.0
20.0,9.0,9.0,0.10582334109831414
15.0,10.0,9.0,0.0
16.0,10.0,9.0,0.0
17.0,10.0,9.0,0.0
18.0,10.0,9.0,0.0
19.0,10.0,9.0,0.0
20.0,10.0,9.0,0.0
15.0,11.0,9.0,0.0
16.0,11.0,9.0,0.0
17.0,11.0,9.0,0.0
18.0,11.0,9.0,0.0
19.0,11.0,9.0,0.0
20.0,11.0,9.0,0.0
15.0,12.0,9.0,0.0
16.0,12.0,9.0,0.0
17.0,12.0,9.0,0.0
18.0,12.0,9.0,0.0
19.0,12.0,9.0,0.0
20.0,12.0,9.0,0.0
15.0,13.0,9.0,0.0
16.0,13.0,9.0,0.0
17.0,13.0,9.0,0.0
18.0,13.0,9.0,0.0
19.0,13.0,9.0,0.0
20.0,13.0,9.0,0.0
15.0,14.0,9.0,0.0
16.0,14.0,9.0,0.0
17.0,14.0,9.0,0.0
18.0,14.0,9.0,0.0
19.0,14.0,9.0,0.0
20.0,14.0,9.0,0.0
15.0,15.0,9.0,0.0
16.0,15.0,9.0,0.0
17.0,15.0,9.0,0.0
18.0,15.0,9.0,0.0
19.0,15.0,9.0,0.0
20.0,15.0,9.0,0.0
15.0,1.0,10.0,0.0
16.0,1.0,10.0,0.0
17.0,1.0,10.0,0.0
18.0,1.0,10.0,0.0
19.0,1.0,10.0,0.0
20.0,1.0,10.0,0.0
15.0,2.0,10.0,2.2121228281200316
16.0,2.0,10.0,2.0624927199752037
17.0,2.0,10.0,1.9458663709235002
18.0,2.0,10.0,1.858440769437124
19.0,2.0,10.0,1.7971336242165181
20.0,2.0,10.0,1.7592897332558162
15.0,3.0,10.0,3.009467141935918
16.0,3.0,10.0,4.099770642201835
17.0,3.0,10.0,5.190105576878229
18.0,3.0,10.0,5.542627083152247
19.0,3.0,10.0,5.428631231413869
20.0,3.0,10.0,5.340975705073927
15.0,4.0,10.0,0.3382477049316729
16.0,4.0,10.0,1.4285770862912601
17.0,4.0,10.0,2.518902656268556
18.0,4.0,10.0,3.6093162024525074
19.0,4.0,10.0,4.699572640276231
20.0,4.0,10.0,5.789853425185565
15.0,5.0,10.0,0.0
16.0,5.0,10.0,0.0
17.0,5.0,10.0,0.0
18.0,5.0,10.0,0.9380380874255223
19.0,5.0,10.0,2.0283103883320166
20.0,5.0,10.0,3.118640175481664
15.0,6.0,10.0,0.0
16.0,6.0,10.0,0.0
17.0,6.0,10.0,0.0
18.0,6.0,10.0,0.0
19.0,6.0,10.0,0.0
20.0,6.0,10.0,0.4474735558573652
15.0,7.0,10.0,0.0
16.0,7.0,10.0,0.0
17.0,7.0,10.0,0.0
18.0,7.0,10.0,0.0
19.0,7.0,10.0,0.0
20.0,7.0,10.0,0.0
15.0,8.0,10.0,0.0
16.0,8.0,10.0,0.0
17.0,8.0,10.0,0.0
18.0,8.0,10.0,0.0
19.0,8.0,10.0,0.0
20.0,8.0,10.0,0.0
15.0,9.0,10.0,0.0
16.0,9.0,10.0,0.0
17.0,9.0,10.0,0.0
18.0,9.0,10.0,0.0
19.0,9.0,10.0,0.0
20.0,9.0,10.0,0.0
15.0,10.0,10.0,0.0
16.0,10.0,10.0,0.0
17.0,10.0,10.0,0.0
18.0,10.0,10.0,0.0
19.0,10.0,10.0,0.0
20.0,10.0,10.0,0.0
15.0,11.0,10.0,0.0
16.0,11.0,10.0,0.0
17.0,11.0,10.0,0.0
18.0,11.0,10.0,0.0
19.0,11.0,10.0,0.0
20.0,11.0,10.0,0.0
15.0,12.0,10.0,0.0
16.0,12.0,10.0,0.0
17.0,12.0,10.0,0.0
18.0,12.0,10.0,0.0
19.0,12.0,10.0,0.0
20.0,12.0,10.0,0.0
15.0,13.0,10.0,0.0
16.0,13.0,10.0,0.0
17.0,13.0,10.0,0.0
18.0,13.0,10.0,0.0
19.0,13.0,10.0,0.0
20.0,13.0,10.0,0.0
15.0,14.0,10.0,0.0
16.0,14.0,10.0,0.0
17.0,14.0,10.0,0.0
18.0,14.0,10.0,0.0
19.0,14.0,10.0,0.0
20.0,14.0,10.0,0.0
15.0,15.0,10.0,0.0
16.0,15.0,10.0,0.0
17.0,15.0,10.0,0.0
18.0,15.0,10.0,0.0
19.0,15.0,10.0,0.0
20.0,15.0,10.0,0.0
21.0,1.0,0.0,4.677388715395827
22.0,1.0,0.0,4.6772356078915704
23.0,1.0,0.0,4.6772517177650785
24.0,1.0,0.0,4.677276103593582
25.0,1.0,0.0,4.677283890241439
21.0,2.0,0.0,9.354654564402056
22.0,2.0,0.0,9.354720019623421
23.0,2.0,0.0,9.35459112971425
24.0,2.0,0.0,9.354639940476929
25.0,2.0,0.0,9.354688703591295
21.0,3.0,0.0,14.031900074459633
22.0,3.0,0.0,14.0319984616809
23.0,3.0,0.0,14.031918793577802
24.0,3.0,0.0,14.032017075773744
25.0,3.0,0.0,14.031937476221124
21.0,4.0,0.0,18.708481356645926
22.0,4.0,0.0,18.710073228062793
23.0,4.0,0.0,18.709914329412857
24.0,4.0,0.0,18.70972224944277
25.0,4.0,0.0,18.70949703757393
21.0,5.0,0.0,23.38666004178679
22.0,5.0,0.0,23.38605661530106
23.0,5.0,0.0,23.387197571645387
24.0,5.0,0.0,23.386552732178995
25.0,5.0,0.0,23.385866802236908
21.0,6.0,0.0,26.617684970353185
22.0,6.0,0.0,27.97729607083168
23.0,6.0,0.0,28.063893603664347
24.0,6.0,0.0,28.064548998997125
25.0,6.0,0.0,28.06346710502805
21.0,7.0,0.0,26.296205305506888
22.0,7.0,0.0,27.65644352116892
23.0,7.0,0.0,29.01536581826521
24.0,7.0,0.0,30.374710363178615
25.0,7.0,0.0,31.732793058518638
21.0,8.0,0.0,25.975262339192636
22.0,8.0,0.0,27.33437344589051
23.0,8.0,0.0,28.693915418448444
24.0,8.0,0.0,30.05219450074435
25.0,8.0,0.0,31.412692721405516
21.0,9.0,0.0,25.65306647523124
22.0,9.0,0.0,27.012834738135016
23.0,9.0,0.0,28.373090411027853
24.0,9.0,0.0,29.73198276698418
25.0,9.0,0.0,31.091413856635437
21.0,10.0,0.0,25.333314110027
22.0,10.0,0.0,26.691933156684062
23.0,10.0,0.0,28.05104642286142
24.0,10.0,0.0,29.410600269217756
25.0,10.0,0.0,30.76884335338303
21.0,11.0,0.0,25.010560214886834
22.0,11.0,0.0,26.369823467428805
23.0,11.0,0.0,27.729536031624946
24.0,11.0,0.0,29.089794777969054
25.0,11.0,0.0,30.448639990775316
21.0,12.0,0.0,24.690219563043684
22.0,12.0,0.0,26.048312182144805
23.0,12.0,0.0,27.408667880574583
24.0,12.0,0.0,28.767716890854928
25.0,12.0,0.0,30.127265771065986
21.0,13.0,0.0,24.36868709736427
22.0,13.0,0.0,25.72736093611968
23.0,13.0,0.0,27.086590237971166
24.0,13.0,0.0,28.446227244284167
25.0,13.0,0.0,29.806418258758537
21.0,14.0,0.0,24.04777627005493
22.0,14.0,0.0,25.407071622846782
23.0,14.0,0.0,26.765066223965317
24.0,14.0,0.0,28.125384944241954
25.0,14.0,0.0,29.484349792591974
21.0,15.0,0.0,23.725678317815426
22.0,15.0,0.0,25.085589226200746
23.0,15.0,0.0,26.444201590972625
24.0,15.0,0.0,27.803281306135485
25.0,15.0,0.0,29.162926086128564
21.0,1.0,1.0,4.6772543741588155
22.0,1.0,1.0,4.677320992968862
23.0,1.0,1.0,4.677395932870673
24.0,1.0,1.0,4.677283226325532
25.0,1.0,1.0,4.6773413572618345
21.0,2.0,1.0,9.354587058667041
22.0,2.0,1.0,9.35455762268795
23.0,2.0,1.0,9.354707792207792
24.0,2.0,1.0,9.354678326360135
25.0,2.0,1.0,9.354648888952676
21.0,3.0,1.0,14.03189738677652
22.0,3.0,1.0,14.031993636545234
23.0,3.0,1.0,14.031884678410119
24.0,3.0,1.0,14.031930386005287
25.0,3.0,1.0,14.032001265099431
21.0,4.0,1.0,18.709151505533033
22.0,4.0,1.0,18.709159899415056
23.0,4.0,1.0,18.709168285221125
24.0,4.0,1.0,18.70917666296289
25.0,4.0,1.0,18.709151356206473
21.0,5.0,1.0,23.386213947909404
22.0,5.0,1.0,23.385815397948868
23.0,5.0,1.0,23.3872219394845
24.0,5.0,1.0,23.386823288333467
25.0,5.0,1.0,23.386382854433243
21.0,6.0,1.0,26.616630055983588
22.0,6.0,1.0,27.976568335422215
23.0,6.0,1.0,28.064397171325687
24.0,6.0,1.0,28.06355676492164
25.0,6.0,1.0,28.064523119821427
21.0,7.0,1.0,26.294326819560887
22.0,7.0,1.0,27.653083776253673
23.0,7.0,1.0,29.01416305438164
24.0,7.0,1.0,30.373886746285837
25.0,7.0,1.0,31.73230682401974
21.0,8.0,1.0,25.970866736377364
22.0,8.0,1.0,27.330247445614404
23.0,8.0,1.0,28.69009294944457
24.0,8.0,1.0,30.050449660013168
25.0,8.0,1.0,31.409504931120143
21.0,9.0,1.0,25.648019347389283
22.0,9.0,1.0,27.007967895777597
23.0,9.0,1.0,28.36661695166503
24.0,9.0,1.0,29.7275998939597
25.0,9.0,1.0,31.087283596825394
21.0,10.0,1.0,25.323925499867038
22.0,10.0,1.0,26.684531600726004
23.0,10.0,1.0,28.04379431882075
24.0,10.0,1.0,29.403580372878213
25.0,10.0,1.0,30.763833090344555
21.0,11.0,1.0,25.00050168840954
22.0,11.0,1.0,26.359840265494793
23.0,11.0,1.0,27.719708167553964
24.0,11.0,1.0,29.080104639554627
25.0,11.0,1.0,30.439152649154938
21.0,12.0,1.0,24.675882358315594
22.0,12.0,1.0,26.03581637032775
23.0,12.0,1.0,27.394459403952354
24.0,12.0,1.0,28.75541022852513
25.0,12.0,1.0,30.11512029998395
21.0,13.0,1.0,24.35006698830816
22.0,13.0,1.0,25.710590297151786
23.0,13.0,1.0,27.0697754364279
24.0,13.0,1.0,28.429548453600713
25.0,13.0,1.0,29.789807125293656
21.0,14.0,1.0,24.02305509316633
22.0,14.0,1.0,25.384115000870384
23.0,14.0,1.0,26.7439326145207
24.0,14.0,1.0,28.102414270336766
25.0,14.0,1.0,29.46326789396737
21.0,15.0,1.0,23.696682464454977
22.0,15.0,1.0,25.05648353947607
23.0,15.0,1.0,26.415045880984618
24.0,15.0,1.0,27.77594414006058
25.0,15.0,1.0,29.135555384496964
21.0,1.0,2.0,4.677300880541928
22.0,1.0,2.0,4.677246260160833
23.0,1.0,2.0,4.677364411877686
24.0,1.0,2.0,4.677292871411573
25.0,1.0,2.0,4.677410887710641
21.0,2.0,2.0,9.35472150564982
22.0,2.0,2.0,9.3546120281884
23.0,2.0,2.0,9.354684148054579
24.0,2.0,2.0,9.354557823129252
25.0,2.0,2.0,9.35461293820284
21.0,3.0,2.0,14.031978368109705
22.0,3.0,2.0,14.032021330578495
23.0,3.0,2.0,14.031882461374012
24.0,3.0,2.0,14.031899932042752
25.0,3.0,2.0,14.03191738602166
21.0,4.0,2.0,18.709184724265075
22.0,4.0,2.0,18.709397692203993
23.0,4.0,2.0,18.70961045771628
24.0,4.0,2.0,18.709788968868583
25.0,4.0,2.0,18.7099673098578
21.0,5.0,2.0,23.385941051363268
22.0,5.0,2.0,23.385794443684137
23.0,5.0,2.0,23.387429188416263
24.0,5.0,2.0,23.387239379670294
25.0,5.0,2.0,23.38704975146135
21.0,6.0,2.0,26.614954477547805
22.0,6.0,2.0,27.976795361996743
23.0,6.0,2.0,28.06398339763826
24.0,6.0,2.0,28.063441747679185
25.0,6.0,2.0,28.064725722378775
21.0,7.0,2.0,26.290195848588688
22.0,7.0,2.0,27.650748203177343
23.0,7.0,2.0,29.010010960638677
24.0,7.0,2.0,30.37164386568147
25.0,7.0,2.0,31.73198737155382
21.0,8.0,2.0,25.96239928379588
22.0,8.0,2.0,27.323536638587044
23.0,8.0,2.0,28.683386729030886
24.0,8.0,2.0,30.0437833183725
25.0,8.0,2.0,31.404668127859896
21.0,9.0,2.0,25.63523038815756
22.0,9.0,2.0,26.99510899610446
23.0,9.0,2.0,28.355488161960025
24.0,9.0,2.0,29.716468740366693
25.0,9.0,2.0,31.07794337193393
21.0,10.0,2.0,25.305016647310758
22.0,10.0,2.0,26.66541571925796
23.0,10.0,2.0,28.02641934084039
24.0,10.0,2.0,29.387926138713215
25.0,10.0,2.0,30.74814735890719
21.0,11.0,2.0,24.97543565986362
22.0,11.0,2.0,26.33639759060565
23.0,11.0,2.0,27.69612718338601
24.0,11.0,2.0,29.056367585876806
25.0,11.0,2.0,30.417166535412786
21.0,12.0,2.0,24.64280306807145
22.0,12.0,2.0,26.002524767824713
23.0,12.0,2.0,27.364611215542894
24.0,12.0,2.0,28.725416803419247
25.0,12.0,2.0,30.084943337320336
21.0,13.0,2.0,24.307154548228702
22.0,13.0,2.0,25.667379598084146
23.0,13.0,2.0,27.028175598147126
24.0,13.0,2.0,28.389541744926284
25.0,13.0,2.0,29.751422316243392
21.0,14.0,2.0,23.968390400047422
22.0,14.0,2.0,25.32915871273068
23.0,14.0,2.0,26.690503421906868
24.0,14.0,2.0,28.050573904679105
25.0,14.0,2.0,29.413015462726193
21.0,15.0,2.0,23.626590768671296
22.0,15.0,2.0,24.987899210156876
23.0,15.0,2.0,26.347935855918646
24.0,15.0,2.0,27.70850394459411
25.0,15.0,2.0,29.0696490048687
21.0,1.0,3.0,4.677402208936185
22.0,1.0,3.0,4.677389806910197
23.0,1.0,3.0,4.677368851843646
24.0,1.0,3.0,4.6773479166437895
25.0,1.0,3.0,4.677327001282387
21.0,2.0,3.0,9.354599461003533
22.0,2.0,3.0,9.354574713656064
23.0,2.0,3.0,9.354549989729142
24.0,2.0,3.0,9.354708610606979
25.0,2.0,3.0,9.35468384675711
21.0,3.0,3.0,14.032039188428822
22.0,3.0,3.0,14.03202773065535
23.0,3.0,3.0,14.032042061405683
24.0,3.0,3.0,14.03200484755006
25.0,3.0,3.0,14.03199342218764
21.0,4.0,3.0,18.708767225216132
22.0,4.0,3.0,18.709154838828447
23.0,4.0,3.0,18.709542087269487
24.0,4.0,3.0,18.709928971055064
25.0,4.0,3.0,18.708442789151785
21.0,5.0,3.0,23.380442261892682
22.0,5.0,3.0,23.38604397306447
23.0,5.0,3.0,23.386111351727926
24.0,5.0,3.0,23.386135586163956
25.0,5.0,3.0,23.386159797753265
21.0,6.0,3.0,26.612934518101344
22.0,6.0,3.0,27.97452059905034
23.0,6.0,3.0,28.042576129013202
24.0,6.0,3.0,28.025743312311107
25.0,6.0,3.0,28.018095942429376
21.0,7.0,3.0,26.28198959158443
22.0,7.0,3.0,27.644126270614244
23.0,7.0,3.0,29.004934925181058
24.0,7.0,3.0,30.366314108665243
25.0,7.0,3.0,31.728263017990304
21.0,8.0,3.0,25.948026092614317
22.0,8.0,3.0,27.310659680276295
23.0,8.0,3.0,28.672016356494538
24.0,8.0,3.0,30.033949006149328
25.0,8.0,3.0,31.396456820389474
21.0,9.0,3.0,25.614651372637848
22.0,9.0,3.0,26.97601740005085
23.0,9.0,3.0,28.337918126659012
24.0,9.0,3.0,29.70034522780956
25.0,9.0,3.0,31.06155231780225
21.0,10.0,3.0,25.276390787283702
22.0,10.0,3.0,26.638239656794045
23.0,10.0,3.0,28.000676282009596
24.0,10.0,3.0,29.36184278944006
25.0,10.0,3.0,30.725396295058843
21.0,11.0,3.0,24.935040745052387
22.0,11.0,3.0,26.297416802420294
23.0,11.0,3.0,27.660386136310773
24.0,11.0,3.0,29.022033904610268
25.0,11.0,3.0,30.38432649904439
21.0,12.0,3.0,24.59063798349679
22.0,12.0,3.0,25.953537983015888
23.0,12.0,3.0,27.31512200940885
24.0,12.0,3.0,28.677300723220174
25.0,12.0,3.0,30.040073293905582
21.0,13.0,3.0,24.241257787361587
22.0,13.0,3.0,25.602761243231836
23.0,13.0,3.0,26.964865773065007
24.0,13.0,3.0,28.32757053902808
25.0,13.0,3.0,29.689009582996057
21.0,14.0,3.0,23.88501057438566
22.0,14.0,3.0,25.24515581096906
23.0,14.0,3.0,26.607779269492116
24.0,14.0,3.0,27.96913956348331
25.0,14.0,3.0,29.331051759470807
21.0,15.0,3.0,23.51812034994123
22.0,15.0,3.0,24.878772662204803
23.0,15.0,3.0,26.240038954593555
24.0,15.0,3.0,27.601866706102363
25.0,15.0,3.0,28.964355879876507
21.0,1.0,4.0,4.677392172368642
22.0,1.0,4.0,4.677237825150126
23.0,1.0,4.0,4.677268648293598
24.0,1.0,4.0,4.677299442592997
25.0,1.0,4.0,4.677321561929268
21.0,2.0,4.0,9.354635859251962
22.0,2.0,4.0,9.35469755851553
23.0,2.0,4.0,9.354591212685046
24.0,2.0,4.0,9.354652875155828
25.0,2.0,4.0,9.35471447985751
21.0,3.0,4.0,13.995210199414004
22.0,3.0,4.0,14.027314022114181
23.0,3.0,4.0,14.031889814935125
24.0,3.0,4.0,14.032008490079445
25.0,3.0,4.0,14.031941606055998
21.0,4.0,4.0,18.544006401607845
22.0,4.0,4.0,18.551903217166156
23.0,4.0,4.0,18.56481249082022
24.0,4.0,4.0,18.58235554283633
25.0,4.0,4.0,18.613627456261415
21.0,5.0,4.0,23.22620809459727
22.0,5.0,4.0,23.19117066227485
23.0,5.0,4.0,23.171063265587346
24.0,5.0,4.0,23.162142442336616
25.0,5.0,4.0,23.164349487541557
21.0,6.0,4.0,26.605059273779517
22.0,6.0,4.0,27.969822671809432
23.0,6.0,4.0,27.98294500772175
24.0,6.0,4.0,27.899060026323735
25.0,6.0,4.0,27.837666100807418
21.0,7.0,4.0,26.267960119372624
22.0,7.0,4.0,27.631320730032055
23.0,7.0,4.0,28.99346712921708
24.0,7.0,4.0,30.358029809053257
25.0,7.0,4.0,31.721324173045083
21.0,8.0,4.0,25.92584268821192
22.0,8.0,4.0,27.289762314369526
23.0,8.0,4.0,28.652367614011652
24.0,8.0,4.0,30.015579149748735
25.0,8.0,4.0,31.379396078416715
21.0,9.0,4.0,25.580662467313704
22.0,9.0,4.0,26.945086098278033
23.0,9.0,4.0,28.30819860155063
24.0,9.0,4.0,29.671922942915263
25.0,9.0,4.0,31.03438591235478
21.0,10.0,4.0,25.230529899370975
22.0,10.0,4.0,26.593527111838917
23.0,10.0,4.0,27.9571426426201
24.0,10.0,4.0,29.321375635565396
25.0,10.0,4.0,30.68429235030577
21.0,11.0,4.0,24.875378474959962
22.0,11.0,4.0,26.236988718226517
23.0,11.0,4.0,27.601052829479222
24.0,11.0,4.0,28.963910212442094
25.0,11.0,4.0,30.327334609337875
21.0,12.0,4.0,24.50953598872154
22.0,12.0,4.0,25.871585903913612
23.0,12.0,4.0,27.234313389497945
24.0,12.0,4.0,28.597617555330952
25.0,12.0,4.0,29.961546276159446
21.0,13.0,4.0,24.131070050516108
22.0,13.0,4.0,25.493655361101936
23.0,13.0,4.0,26.854941071519505
24.0,13.0,4.0,28.21685961132068
25.0,13.0,4.0,29.57941010764885
21.0,14.0,4.0,23.7342998731322
22.0,14.0,4.0,25.095437880334124
23.0,14.0,4.0,26.455326294950915
24.0,14.0,4.0,27.815854961803232
25.0,14.0,4.0,29.175135741098273
21.0,15.0,4.0,23.30773673695473
22.0,15.0,4.0,24.618261730395396
23.0,15.0,4.0,25.71000985717502
24.0,15.0,4.0,26.800708028865795
25.0,15.0,4.0,27.890456946056403
21.0,1.0,5.0,4.609575417593664
22.0,1.0,5.0,4.641476474669848
23.0,1.0,5.0,4.673534893546223
24.0,1.0,5.0,4.677348530854394
25.0,1.0,5.0,4.677227767152761
21.0,2.0,5.0,9.102835370824673
22.0,2.0,5.0,9.133091557580343
23.0,2.0,5.0,9.164613276013151
24.0,2.0,5.0,9.1966844025056
25.0,2.0,5.0,9.228708628040055
21.0,3.0,5.0,13.594213997980228
22.0,3.0,5.0,13.615119488311967
23.0,3.0,5.0,13.642032380205805
24.0,3.0,5.0,13.67339364242681
25.0,3.0,5.0,13.707911062146701
21.0,4.0,5.0,18.159205850833818
22.0,4.0,5.0,18.140287445314733
23.0,4.0,5.0,18.135132546052542
24.0,4.0,5.0,18.141588766622792
25.0,4.0,5.0,18.158172772874586
21.0,5.0,5.0,22.9771640658395
22.0,5.0,5.0,22.86685501220607
23.0,5.0,5.0,22.784824415187625
24.0,5.0,5.0,22.727315465142738
25.0,5.0,5.0,22.688612838773825
21.0,6.0,5.0,26.58757850662945
22.0,6.0,5.0,27.95152831348241
23.0,6.0,5.0,27.870841797029573
24.0,6.0,5.0,27.662155188325656
25.0,6.0,5.0,27.498790444796278
21.0,7.0,5.0,26.238587914381732
22.0,7.0,5.0,27.603018035708892
23.0,7.0,5.0,28.966141999773527
24.0,7.0,5.0,30.331783951828324
25.0,7.0,5.0,31.696229072663744
21.0,8.0,5.0,25.88262004767851
22.0,8.0,5.0,27.245632415626858
23.0,8.0,5.0,28.60923396814895
24.0,8.0,5.0,29.97347279639049
25.0,8.0,5.0,31.33834802298725
21.0,9.0,5.0,25.515956710990338
22.0,9.0,5.0,26.881333459607916
23.0,9.0,5.0,28.24351750878468
24.0,9.0,5.0,29.608238682598014
25.0,9.0,5.0,30.971651878178925
21.0,10.0,5.0,25.140449438202246
22.0,10.0,5.0,26.50245389578484
23.0,10.0,5.0,27.86510973486903
24.0,10.0,5.0,29.228360664437723
25.0,10.0,5.0,30.590419536038038
21.0,11.0,5.0,24.744607968003283
22.0,11.0,5.0,26.10513115268053
23.0,11.0,5.0,27.466360260951312
24.0,11.0,5.0,28.82634901048835
25.0,11.0,5.0,30.186939295960656
21.0,12.0,5.0,23.871401345312826
22.0,12.0,5.0,24.96046404083194
23.0,12.0,5.0,26.0504841072074
24.0,12.0,5.0,27.141363247456983
25.0,12.0,5.0,28.231247268097075
21.0,13.0,5.0,21.1990213782701
22.0,13.0,5.0,22.289187628300063
23.0,13.0,5.0,23.380225876758473
24.0,13.0,5.0,24.470271001110206
25.0,13.0,5.0,25.561227791672852
21.0,14.0,5.0,18.527975981298418
22.0,14.0,5.0,19.618960349731783
23.0,14.0,5.0,20.70914461482098
24.0,14.0,5.0,21.798297562306054
25.0,14.0,5.0,22.888408048880457
21.0,15.0,5.0,15.856856747714607
22.0,15.0,5.0,16.947156290271387
23.0,15.0,5.0,18.03742372207602
24.0,15.0,5.0,19.127431521961302
25.0,15.0,5.0,20.218548976852443
21.0,1.0,6.0,4.128427360282791
22.0,1.0,6.0,4.17546829712541
23.0,1.0,6.0,4.223976914113477
24.0,1.0,6.0,4.2728185689691625
25.0,1.0,6.0,4.321041231122214
21.0,2.0,6.0,8.502545519261316
22.0,2.0,6.0,8.539149358944032
23.0,2.0,6.0,8.58196180204174
24.0,2.0,6.0,8.629823599478174
25.0,2.0,6.0,8.681815432994679
21.0,3.0,6.0,12.924170337515855
22.0,3.0,6.0,12.926037824539325
23.0,3.0,6.0,12.940193544964723
24.0,3.0,6.0,12.96515470281796
25.0,3.0,6.0,12.999721759013022
21.0,4.0,6.0,17.51920611556906
22.0,4.0,6.0,17.44854451502185
23.0,4.0,6.0,17.400717637526636
24.0,4.0,6.0,17.372659545413168
25.0,4.0,6.0,17.36244736857072
21.0,5.0,6.0,22.545134972160984
22.0,5.0,6.0,22.316191359867364
23.0,5.0,6.0,22.13876973893014
24.0,5.0,6.0,22.00140191975624
25.0,5.0,6.0,21.898336880839857
21.0,6.0,6.0,26.533734441652264
22.0,6.0,6.0,27.89849138669785
23.0,6.0,6.0,27.642155715066135
24.0,6.0,6.0,27.212864609196778
25.0,6.0,6.0,26.888611658387784
21.0,7.0,6.0,26.155451962469872
22.0,7.0,6.0,27.51875368350382
23.0,7.0,6.0,28.88266963563988
24.0,7.0,6.0,30.245343242341953
25.0,7.0,6.0,31.60868091136617
21.0,8.0,6.0,25.75863558353496
22.0,8.0,6.0,27.120424849086877
23.0,8.0,6.0,28.482940213894146
24.0,8.0,6.0,29.844166006622707
25.0,8.0,6.0,31.204096193394044
21.0,9.0,6.0,24.211948823569944
22.0,9.0,6.0,25.303062770728424
23.0,9.0,6.0,26.393090865974887
24.0,9.0,6.0,27.482179688381102
25.0,9.0,6.0,28.574103512579864
21.0,10.0,6.0,21.54075028373363
22.0,10.0,6.0,22.630937507185948
23.0,10.0,6.0,23.7220545195446
24.0,10.0,6.0,24.812138036662997
25.0,10.0,6.0,25.901282338329878
21.0,11.0,6.0,18.869598276517554
22.0,11.0,6.0,19.960003224308213
23.0,11.0,6.0,21.05022857329213
24.0,11.0,6.0,22.14134642856458
25.0,11.0,6.0,23.231477204556214
21.0,12.0,6.0,16.19849268940902
22.0,12.0,6.0,17.288758520204368
23.0,12.0,6.0,18.379192612816517
24.0,12.0,6.0,19.469794739429695
25.0,12.0,6.0,20.55902898419969
21.0,13.0,6.0,13.527287435356659
22.0,13.0,6.0,14.617589699458444
23.0,13.0,6.0,15.70787221718691
24.0,13.0,6.0,16.798327360996502
25.0,13.0,6.0,17.88853598701868
21.0,14.0,6.0,10.85604936795057
22.0,14.0,6.0,11.946373687397084
23.0,14.0,6.0,13.036657287129474
24.0,14.0,6.0,14.12694835029561
25.0,14.0,6.0,15.217387118328146
21.0,15.0,6.0,8.18479348678694
22.0,15.0,6.0,9.27512330396697
23.0,15.0,6.0,10.365421699072886
24.0,15.0,6.0,11.455897447770754
25.0,15.0,6.0,12.54616460151391
21.0,1.0,7.0,3.275489394853621
22.0,1.0,7.0,3.32935073461769
23.0,1.0,7.0,3.3894586633701143
24.0,1.0,7.0,3.4544632863165803
25.0,1.0,7.0,3.5239897762555255
21.0,2.0,7.0,7.539415405093212
22.0,2.0,7.0,7.564291025731704
23.0,2.0,7.0,7.600211706125911
24.0,2.0,7.0,7.645839898396692
25.0,2.0,7.0,7.700207886714148
21.0,3.0,7.0,11.903179403883321
22.0,3.0,7.0,11.872529029417114
23.0,3.0,7.0,11.860255055956154
24.0,3.0,7.0,11.864442442362025
25.0,3.0,7.0,11.883348055354801
21.0,4.0,7.0,16.50897427043287
22.0,4.0,7.0,16.37283702521937
23.0,4.0,7.0,16.27093954843409
24.0,4.0,7.0,16.1980627461799
25.0,4.0,7.0,16.150720397080114
21.0,5.0,7.0,21.71732697997925
22.0,5.0,7.0,21.33302605171934
23.0,5.0,7.0,21.039295106828174
24.0,5.0,7.0,20.809148734086133
25.0,5.0,7.0,20.634789729977506
21.0,6.0,7.0,24.55287556720433
22.0,6.0,7.0,25.643984858277168
23.0,6.0,7.0,26.734060981729318
24.0,6.0,7.0,26.174338002563623
25.0,6.0,7.0,25.65732857977072
21.0,7.0,7.0,21.883010503999227
22.0,7.0,7.0,22.973160413343507
23.0,7.0,7.0,24.06232789928329
24.0,7.0,7.0,25.154363759546687
25.0,7.0,7.0,26.243492514227007
21.0,8.0,7.0,19.211273043142555
22.0,8.0,7.0,20.30164987082347
23.0,8.0,7.0,21.391818188831206
24.0,8.0,7.0,22.48293490686247
25.0,8.0,7.0,23.573071898447342
21.0,9.0,7.0,16.540132353538226
22.0,9.0,7.0,17.630530858018524
23.0,9.0,7.0,18.720688562841403
24.0,9.0,7.0,19.81086904476897
25.0,9.0,7.0,20.901962827660604
21.0,10.0,7.0,13.868972127290856
22.0,10.0,7.0,14.959153220421648
23.0,10.0,7.0,16.04954751043686
24.0,10.0,7.0,17.139901382577584
25.0,10.0,7.0,18.230243804384383
21.0,11.0,7.0,11.197644968991316
22.0,11.0,7.0,12.288013212042031
23.0,11.0,7.0,13.378374189148342
24.0,11.0,7.0,14.468727910061876
25.0,11.0,7.0,15.559074384516808
21.0,12.0,7.0,8.5264075855894
22.0,12.0,7.0,9.61675477236503
23.0,12.0,7.0,10.707098932530743
24.0,12.0,7.0,11.797417187457572
25.0,12.0,7.0,12.887753202841456
21.0,13.0,7.0,5.855291568271209
22.0,13.0,7.0,6.94560295229929
23.0,13.0,7.0,8.035899957437795
24.0,13.0,7.0,9.126193977516216
25.0,13.0,7.0,10.216485016533948
21.0,14.0,7.0,3.184127676818054
22.0,14.0,7.0,4.274378073122048
23.0,14.0,7.0,5.364640206480545
24.0,14.0,7.0,6.455089866960321
25.0,14.0,7.0,7.545331497514645
21.0,15.0,7.0,0.5128465284715286
22.0,15.0,7.0,1.6031711978780667
23.0,15.0,7.0,2.693540337798849
24.0,15.0,7.0,3.783927029970947
25.0,15.0,7.0,4.874129619710766
21.0,1.0,8.0,2.025241752265162
22.0,1.0,8.0,2.074064078343679
23.0,1.0,8.0,2.1324808805082345
24.0,1.0,8.0,2.1997006974097033
25.0,1.0,8.0,2.2747530518384185
21.0,2.0,8.0,6.163524928192975
22.0,2.0,8.0,6.1708038977563
23.0,2.0,8.0,6.193117343275977
24.0,2.0,8.0,6.228913687175084
25.0,2.0,8.0,6.27721069416433
21.0,3.0,8.0,10.410923392705486
22.0,3.0,8.0,10.347854840362686
23.0,3.0,8.0,10.309003368942717
24.0,3.0,8.0,10.291418569336523
25.0,3.0,8.0,10.293180492740973
21.0,4.0,8.0,14.890508686065482
22.0,4.0,8.0,14.702738086476899
23.0,4.0,8.0,14.558526608811464
24.0,4.0,8.0,14.45156721341927
25.0,4.0,8.0,14.376063747485688
21.0,5.0,8.0,19.55282328330636
22.0,5.0,8.0,19.41802184842654
23.0,5.0,8.0,19.071586306644463
24.0,5.0,8.0,18.803947179727682
25.0,5.0,8.0,18.597371403112863
21.0,6.0,8.0,16.881748851383392
22.0,6.0,8.0,17.97199482479282
23.0,6.0,8.0,19.062432037779228
24.0,6.0,8.0,20.152477960956634
25.0,6.0,8.0,21.243491149515375
21.0,7.0,8.0,14.210579588277431
22.0,7.0,8.0,15.300803738717791
23.0,7.0,8.0,16.39119180557095
24.0,7.0,8.0,17.481610786265243
25.0,7.0,8.0,18.571800521507317
21.0,8.0,8.0,11.539323805606296
22.0,8.0,8.0,12.629679571618976
23.0,8.0,8.0,13.72006326253954
24.0,8.0,8.0,14.81042354155107
25.0,8.0,8.0,15.90059041710614
21.0,9.0,8.0,8.868045359407704
22.0,9.0,8.0,9.958548332956028
23.0,9.0,8.0,11.04886156151001
24.0,9.0,8.0,12.139180283118199
25.0,9.0,8.0,13.229504490457778
21.0,10.0,8.0,6.19695891246705
22.0,10.0,8.0,7.287201709070937
23.0,10.0,8.0,8.37764970206115
24.0,10.0,8.0,9.46791205228901
25.0,10.0,8.0,10.558163593952822
21.0,11.0,8.0,3.525727647673995
22.0,11.0,8.0,4.616086319894135
23.0,11.0,8.0,5.706447832101605
24.0,11.0,8.0,6.796636788402827
25.0,11.0,8.0,7.887019963872663
21.0,12.0,8.0,0.8545000215753116
22.0,12.0,8.0,1.9448387273853684
23.0,12.0,8.0,3.035113091668724
24.0,12.0,8.0,4.125401551359398
25.0,12.0,8.0,5.21589987978369
21.0,13.0,8.0,0.0
22.0,13.0,8.0,0.0
23.0,13.0,8.0,0.3639510989776632
24.0,13.0,8.0,1.4542790106406351
25.0,13.0,8.0,2.5446594897739083
21.0,14.0,8.0,0.0
22.0,14.0,8.0,0.0
23.0,14.0,8.0,0.0
24.0,14.0,8.0,0.0
25.0,14.0,8.0,0.0
21.0,15.0,8.0,0.0
22.0,15.0,8.0,0.0
23.0,15.0,8.0,0.0
24.0,15.0,8.0,0.0
25.0,15.0,8.0,0.0
21.0,1.0,9.0,0.32782957770345944
22.0,1.0,9.0,0.3701064567125357
23.0,1.0,9.0,0.42458622400825125
24.0,1.0,9.0,0.49024108431531976
25.0,1.0,9.0,0.5661422880174521
21.0,2.0,9.0,4.272145416807283
22.0,2.0,9.0,4.267516296156193
23.0,2.0,9.0,4.28082225154411
24.0,2.0,9.0,4.3100828352568055
25.0,2.0,9.0,4.353930396311067
21.0,3.0,9.0,8.26448057111486
22.0,3.0,9.0,8.190693051131783
23.0,3.0,9.0,8.143143807486299
24.0,3.0,9.0,8.119034425704942
25.0,3.0,9.0,8.115814272786844
21.0,4.0,9.0,12.30418227142695
22.0,4.0,9.0,12.136017274021688
23.0,4.0,9.0,12.006490523249562
24.0,4.0,9.0,11.91088478178457
25.0,4.0,9.0,11.84502998222552
21.0,5.0,9.0,11.881007672183193
22.0,5.0,9.0,12.971316974560784
23.0,5.0,9.0,14.06164033543683
24.0,5.0,9.0,15.151977736157022
25.0,5.0,9.0,15.444550949744714
21.0,6.0,9.0,9.20982905144158
22.0,6.0,9.0,10.300057873208628
23.0,6.0,9.0,11.390478879757472
24.0,6.0,9.0,12.480717854433765
25.0,6.0,9.0,13.57119346723823
21.0,7.0,9.0,6.5385326042088465
22.0,7.0,9.0,7.628860307842237
23.0,7.0,9.0,8.719193537934
24.0,7.0,9.0,9.80954512261195
25.0,7.0,9.0,10.899915037565952
21.0,8.0,9.0,3.8673695980849185
22.0,8.0,9.0,4.957771865751527
23.0,8.0,9.0,6.048000062940584
24.0,8.0,9.0,7.138447625039321
25.0,8.0,9.0,8.228705059298633
21.0,9.0,9.0,1.196155362776025
22.0,9.0,9.0,2.2864552848412467
23.0,9.0,9.0,3.37675589533672
24.0,9.0,9.0,4.467079238625557
25.0,9.0,9.0,5.557436222431282
21.0,10.0,9.0,0.0
22.0,10.0,9.0,0.0
23.0,10.0,9.0,0.7055910669191919
24.0,10.0,9.0,1.7959270601830397
25.0,10.0,9.0,2.8863097889719826
21.0,11.0,9.0,0.0
22.0,11.0,9.0,0.0
23.0,11.0,9.0,0.0
24.0,11.0,9.0,0.0
25.0,11.0,9.0,0.21503826784928173
21.0,12.0,9.0,0.0
22.0,12.0,9.0,0.0
23.0,12.0,9.0,0.0
24.0,12.0,9.0,0.0
25.0,12.0,9.0,0.0
21.0,13.0,9.0,0.0
22.0,13.0,9.0,0.0
23.0,13.0,9.0,0.0
24.0,13.0,9.0,0.0
25.0,13.0,9.0,0.0
21.0,14.0,9.0,0.0
22.0,14.0,9.0,0.0
23.0,14.0,9.0,0.0
24.0,14.0,9.0,0.0
25.0,14.0,9.0,0.0
21.0,15.0,9.0,0.0
22.0,15.0,9.0,0.0
23.0,15.0,9.0,0.0
24.0,15.0,9.0,0.0
25.0,15.0,9.0,0.0
21.0,1.0,10.0,0.0
22.0,1.0,10.0,0.0
23.0,1.0,10.0,0.0
24.0,1.0,10.0,0.0
25.0,1.0,10.0,0.0
21.0,2.0,10.0,1.742678838069648
22.0,2.0,10.0,1.7454150930764658
23.0,2.0,10.0,1.7658427903937524
24.0,2.0,10.0,1.802482736912514
25.0,2.0,10.0,1.8540943181773488
21.0,3.0,10.0,5.278058365820168
22.0,3.0,10.0,5.238082091288795
23.0,3.0,10.0,5.219605848797007
24.0,3.0,10.0,5.220661976076809
25.0,3.0,10.0,5.240032771129894
21.0,4.0,10.0,6.880165656669439
22.0,4.0,10.0,7.970509293364591
23.0,4.0,10.0,8.432303100175302
24.0,4.0,10.0,8.417344975580878
25.0,4.0,10.0,8.418195768416775
21.0,5.0,10.0,4.20900572875956
22.0,5.0,10.0,5.29939651915572
23.0,5.0,10.0,6.389620968427545
24.0,5.0,10.0,7.480074543834027
25.0,5.0,10.0,8.570361868941772
21.0,6.0,10.0,1.5377983887749338
22.0,6.0,10.0,2.6281383343304157
23.0,6.0,10.0,3.7184150550366613
24.0,6.0,10.0,4.808718077621134
25.0,6.0,10.0,5.899064237244545
21.0,7.0,10.0,0.0
22.0,7.0,10.0,0.0
23.0,7.0,10.0,1.047258506868358
24.0,7.0,10.0,2.1376085504342015
25.0,7.0,10.0,3.2279923124170313
21.0,8.0,10.0,0.0
22.0,8.0,10.0,0.0
23.0,8.0,10.0,0.0
24.0,8.0,10.0,0.0
25.0,8.0,10.0,0.5566998444296282
21.0,9.0,10.0,0.0
22.0,9.0,10.0,0.0
23.0,9.0,10.0,0.0
24.0,9.0,10.0,0.0
25.0,9.0,10.0,0.0
21.0,10.0,10.0,0.0
22.0,10.0,10.0,0.0
23.0,10.0,10.0,0.0
24.0,10.0,10.0,0.0
25.0,10.0,10.0,0.0
21.0,11.0,10.0,0.0
22.0,11.0,10.0,0.0
23.0,11.0,10.0,0.0
24.0,11.0,10.0,0.0
25.0,11.0,10.0,0.0
21.0,12.0,10.0,0.0
22.0,12.0,10.0,0.0
23.0,12.0,10.0,0.0
24.0,12.0,10.0,0.0
25.0,12.0,10.0,0.0
21.0,13.0,10.0,0.0
22.0,13.0,10.0,0.0
23.0,13.0,10.0,0.0
24.0,13.0,10.0,0.0
25.0,13.0,10.0,0.0
21.0,14.0,10.0,0.0
22.0,14.0,10.0,0.0
23.0,14.0,10.0,0.0
24.0,14.0,10.0,0.0
25.0,14.0,10.0,0.0
21.0,15.0,10.0,0.0
22.0,15.0,10.0,0.0
23.0,15.0,10.0,0.0
24.0,15.0,10.0,0.0
25.0,15.0,10.0,0.0
